team,G,IP,H,R,ER,BB,SO,BF,2B-A,3B-A,Bk,HR-A,WP,HB,IBB,Inh Run,Inh Run Score,SHA,SFA,KL,TUER,pickoffs,IP_mean,H_mean,R_mean,ER_mean,BB_mean,SO_mean,BF_mean,2B-A_mean,3B-A_mean,Bk_mean,HR-A_mean,WP_mean,HB_mean,IBB_mean,Inh Run_mean,Inh Run Score_mean,SHA_mean,SFA_mean,KL_mean,TUER_mean,pickoffs_mean,ERA,WHIP,K/9
A&M-Corpus Christi,12,94.2,111,84,76,59,99,490,15,2,2,18,12,15,0,52,18,2,2,8,0,1,1.78,2.09,1.58,1.43,1.11,1.87,9.25,0.28,0.04,0.04,0.34,0.23,0.28,0.0,0.98,0.34,0.04,0.04,0.15,0.0,0.02,7.26,1.8,9.46
Abilene Christian,39,306.7,383,298,269,208,292,1617,75,3,3,54,35,60,8,74,36,15,21,59,0,4,1.86,2.32,1.81,1.63,1.26,1.77,9.8,0.45,0.02,0.02,0.33,0.21,0.36,0.05,0.45,0.22,0.09,0.13,0.36,0.0,0.02,7.89,1.93,8.57
Air Force,24,182.2,241,183,165,110,163,955,57,10,2,23,21,32,1,51,35,7,14,40,0,3,1.86,2.46,1.87,1.68,1.12,1.66,9.74,0.58,0.1,0.02,0.23,0.21,0.33,0.01,0.52,0.36,0.07,0.14,0.41,0.0,0.03,8.15,1.93,8.05
Akron,33,255.3,319,276,239,195,212,1393,63,7,0,43,28,67,4,21,12,18,13,68,0,7,1.88,2.35,2.03,1.76,1.43,1.56,10.24,0.46,0.05,0.0,0.32,0.21,0.49,0.03,0.15,0.09,0.13,0.1,0.5,0.0,0.05,8.43,2.01,7.47
Alabama,31,250.2,236,172,138,125,270,1183,45,2,1,32,16,33,3,70,30,12,10,72,0,4,2.02,1.9,1.39,1.11,1.01,2.18,9.54,0.36,0.02,0.01,0.26,0.13,0.27,0.02,0.56,0.24,0.1,0.08,0.58,0.0,0.03,4.96,1.44,9.71
Alabama A&M,11,82.3,122,107,91,71,60,490,26,4,0,9,19,25,0,25,16,9,6,17,0,0,1.55,2.3,2.02,1.72,1.34,1.13,9.25,0.49,0.08,0.0,0.17,0.36,0.47,0.0,0.47,0.3,0.17,0.11,0.32,0.0,0.0,9.95,2.35,6.56
Alabama St.,10,74.9,100,88,74,54,69,408,14,5,1,9,8,12,0,12,6,7,7,24,0,2,1.92,2.56,2.26,1.9,1.38,1.77,10.46,0.36,0.13,0.03,0.23,0.21,0.31,0.0,0.31,0.15,0.18,0.18,0.62,0.0,0.05,8.89,2.06,8.29
Alcorn,48,335.3,537,563,446,404,308,2140,114,23,21,30,67,103,3,50,25,19,31,79,0,22,1.75,2.8,2.93,2.32,2.1,1.6,11.15,0.59,0.12,0.11,0.16,0.35,0.54,0.02,0.26,0.13,0.1,0.16,0.41,0.0,0.11,11.97,2.81,8.27
App State,41,330.8,344,257,220,180,339,1662,67,2,2,37,44,80,2,56,33,14,19,106,0,4,1.74,1.81,1.35,1.16,0.95,1.78,8.75,0.35,0.01,0.01,0.19,0.23,0.42,0.01,0.29,0.17,0.07,0.1,0.56,0.0,0.02,5.99,1.58,9.22
Arizona,16,130.0,163,108,98,49,143,640,25,2,1,15,19,15,3,41,26,21,3,33,0,4,1.88,2.36,1.57,1.42,0.71,2.07,9.28,0.36,0.03,0.01,0.22,0.28,0.22,0.04,0.59,0.38,0.3,0.04,0.48,0.0,0.06,6.78,1.63,9.9
Arizona St.,20,159.8,199,129,119,89,227,827,36,3,2,23,27,21,0,48,24,9,9,38,0,3,1.52,1.9,1.23,1.13,0.85,2.16,7.88,0.34,0.03,0.02,0.22,0.26,0.2,0.0,0.46,0.23,0.09,0.09,0.36,0.0,0.03,6.7,1.8,12.78
Ark.-Pine Bluff,6,42.7,43,38,30,30,47,220,12,1,0,1,5,10,0,14,4,1,3,13,0,1,2.03,2.05,1.81,1.43,1.43,2.24,10.48,0.57,0.05,0.0,0.05,0.24,0.48,0.0,0.67,0.19,0.05,0.14,0.62,0.0,0.05,6.32,1.71,9.91
Arkansas,55,447.0,459,276,245,181,545,2089,55,2,6,80,34,47,4,85,41,10,7,189,0,5,2.13,2.19,1.31,1.17,0.86,2.6,9.95,0.26,0.01,0.03,0.38,0.16,0.22,0.02,0.4,0.2,0.05,0.03,0.9,0.0,0.02,4.93,1.43,10.97
Arkansas St.,24,194.3,199,116,105,82,193,921,26,4,2,25,7,25,2,71,23,8,3,33,0,1,1.89,1.93,1.13,1.02,0.8,1.87,8.94,0.25,0.04,0.02,0.24,0.07,0.24,0.02,0.69,0.22,0.08,0.03,0.32,0.0,0.01,4.86,1.45,8.94
Army West Point,1,8.3,8,5,5,7,3,41,3,0,0,1,0,0,0,5,2,0,0,0,0,0,1.66,1.6,1.0,1.0,1.4,0.6,8.2,0.6,0.0,0.0,0.2,0.0,0.0,0.0,1.0,0.4,0.0,0.0,0.0,0.0,0.0,5.42,1.81,3.25
Auburn,53,424.2,396,206,180,140,521,1903,72,2,4,51,38,44,1,91,30,17,11,134,0,4,2.44,2.28,1.18,1.03,0.8,2.99,10.94,0.41,0.01,0.02,0.29,0.22,0.25,0.01,0.52,0.17,0.1,0.06,0.77,0.0,0.02,3.82,1.26,11.05
Austin Peay,10,78.3,96,84,75,56,91,421,15,3,1,17,4,13,2,18,15,4,1,18,0,0,1.6,1.96,1.71,1.53,1.14,1.86,8.59,0.31,0.06,0.02,0.35,0.08,0.27,0.04,0.37,0.31,0.08,0.02,0.37,0.0,0.0,8.62,1.94,10.46
BYU,16,122.6,177,119,107,75,142,682,42,0,0,27,21,42,0,49,14,3,6,28,0,3,1.29,1.86,1.25,1.13,0.79,1.49,7.18,0.44,0.0,0.0,0.28,0.22,0.44,0.0,0.52,0.15,0.03,0.06,0.29,0.0,0.03,7.85,2.06,10.42
Ball St.,31,243.1,323,235,215,156,266,1277,62,6,4,44,43,35,5,65,29,13,16,43,0,9,1.98,2.63,1.91,1.75,1.27,2.16,10.38,0.5,0.05,0.03,0.36,0.35,0.28,0.04,0.53,0.24,0.11,0.13,0.35,0.0,0.07,7.96,1.97,9.85
Baylor,16,124.9,169,107,101,55,123,636,25,1,0,22,11,13,0,33,14,9,10,19,0,3,1.76,2.38,1.51,1.42,0.77,1.73,8.96,0.35,0.01,0.0,0.31,0.15,0.18,0.0,0.46,0.2,0.13,0.14,0.27,0.0,0.04,7.28,1.79,8.86
Bellarmine,4,31.9,43,29,21,17,19,167,13,2,0,3,3,6,0,0,0,4,3,4,0,0,1.39,1.87,1.26,0.91,0.74,0.83,7.26,0.57,0.09,0.0,0.13,0.13,0.26,0.0,0.0,0.0,0.17,0.13,0.17,0.0,0.0,5.92,1.88,5.36
Belmont,12,97.4,122,85,69,47,79,490,25,3,1,16,2,11,1,10,5,15,3,24,0,1,2.07,2.6,1.81,1.47,1.0,1.68,10.43,0.53,0.06,0.02,0.34,0.04,0.23,0.02,0.21,0.11,0.32,0.06,0.51,0.0,0.02,6.38,1.74,7.3
Bethune-Cookman,11,84.7,94,58,51,67,89,442,12,2,1,5,12,21,1,34,13,0,2,34,0,2,1.76,1.96,1.21,1.06,1.4,1.85,9.21,0.25,0.04,0.02,0.1,0.25,0.44,0.02,0.71,0.27,0.0,0.04,0.71,0.0,0.04,5.42,1.9,9.46
Binghamton,3,23.6,30,16,16,9,26,111,9,0,1,5,0,0,0,0,0,2,0,8,0,0,2.36,3.0,1.6,1.6,0.9,2.6,11.1,0.9,0.0,0.1,0.5,0.0,0.0,0.0,0.0,0.0,0.2,0.0,0.8,0.0,0.0,6.1,1.65,9.92
Boston College,16,127.0,117,62,50,69,128,599,22,1,4,4,11,19,1,31,16,4,9,17,0,1,2.12,1.95,1.03,0.83,1.15,2.13,9.98,0.37,0.02,0.07,0.07,0.18,0.32,0.02,0.52,0.27,0.07,0.15,0.28,0.0,0.02,3.54,1.46,9.07
Bowling Green,47,360.0,482,342,287,188,414,1937,99,4,2,47,42,93,2,54,24,30,25,109,0,7,2.01,2.69,1.91,1.6,1.05,2.31,10.82,0.55,0.02,0.01,0.26,0.23,0.52,0.01,0.3,0.13,0.17,0.14,0.61,0.0,0.04,7.18,1.86,10.35
Bradley,56,413.7,658,582,499,347,379,2454,145,13,7,69,108,111,7,76,36,22,34,96,0,9,1.78,2.84,2.51,2.15,1.5,1.63,10.58,0.62,0.06,0.03,0.3,0.47,0.48,0.03,0.33,0.16,0.09,0.15,0.41,0.0,0.04,10.86,2.43,8.25
Brown,37,306.3,320,206,168,175,238,1471,55,7,3,23,33,46,3,25,18,19,18,78,0,3,2.64,2.76,1.78,1.45,1.51,2.05,12.68,0.47,0.06,0.03,0.2,0.28,0.4,0.03,0.22,0.16,0.16,0.16,0.67,0.0,0.03,4.94,1.62,6.99
Bryant,1,6.3,10,10,9,6,7,40,2,0,0,1,0,2,0,0,0,0,2,0,0,1,1.05,1.67,1.67,1.5,1.0,1.17,6.67,0.33,0.0,0.0,0.17,0.0,0.33,0.0,0.0,0.0,0.0,0.33,0.0,0.0,0.17,12.86,2.54,10.0
Bucknell,4,30.9,35,29,21,23,26,164,2,0,0,5,2,9,0,1,0,2,1,9,0,1,1.82,2.06,1.71,1.24,1.35,1.53,9.65,0.12,0.0,0.0,0.29,0.12,0.53,0.0,0.06,0.0,0.12,0.06,0.53,0.0,0.06,6.12,1.88,7.57
Butler,50,387.1,540,408,361,225,322,2039,92,11,8,46,55,70,7,33,24,27,23,84,0,11,2.15,3.0,2.27,2.01,1.25,1.79,11.33,0.51,0.06,0.04,0.26,0.31,0.39,0.04,0.18,0.13,0.15,0.13,0.47,0.0,0.06,8.39,1.98,7.49
CSU Bakersfield,55,433.9,576,412,346,238,370,2307,149,19,6,42,42,99,4,141,79,38,32,77,0,8,1.66,2.2,1.57,1.32,0.91,1.41,8.81,0.57,0.07,0.02,0.16,0.16,0.38,0.02,0.54,0.3,0.15,0.12,0.29,0.0,0.03,7.18,1.88,7.67
CSUN,25,206.3,257,173,146,75,165,1032,48,2,3,32,17,47,0,46,21,13,10,54,0,3,1.81,2.25,1.52,1.28,0.66,1.45,9.05,0.42,0.02,0.03,0.28,0.15,0.41,0.0,0.4,0.18,0.11,0.09,0.47,0.0,0.03,6.37,1.61,7.2
Cal Poly,41,348.9,391,234,211,157,373,1688,77,13,3,37,38,48,0,67,34,19,15,79,0,3,2.31,2.59,1.55,1.4,1.04,2.47,11.18,0.51,0.09,0.02,0.25,0.25,0.32,0.0,0.44,0.23,0.13,0.1,0.52,0.0,0.02,5.44,1.57,9.62
Cal St. Fullerton,19,154.1,175,81,72,45,153,717,29,3,1,11,5,18,1,30,14,6,4,48,0,3,2.11,2.4,1.11,0.99,0.62,2.1,9.82,0.4,0.04,0.01,0.15,0.07,0.25,0.01,0.41,0.19,0.08,0.05,0.66,0.0,0.04,4.21,1.43,8.94
Cal State LA,1,8.0,10,7,7,6,6,36,1,0,0,1,0,0,0,0,0,1,0,2,0,2,1.33,1.67,1.17,1.17,1.0,1.0,6.0,0.17,0.0,0.0,0.17,0.0,0.0,0.0,0.0,0.0,0.17,0.0,0.33,0.0,0.33,7.88,2.0,6.75
California,9,74.8,64,34,29,35,89,342,10,1,1,9,4,10,0,15,4,2,2,22,0,0,1.87,1.6,0.85,0.72,0.88,2.22,8.55,0.25,0.02,0.02,0.22,0.1,0.25,0.0,0.38,0.1,0.05,0.05,0.55,0.0,0.0,3.49,1.32,10.71
California Baptist,53,429.1,429,249,205,196,593,2053,74,9,6,52,35,48,5,40,9,13,11,141,0,3,1.72,1.72,1.0,0.82,0.79,2.38,8.24,0.3,0.04,0.02,0.21,0.14,0.19,0.02,0.16,0.04,0.05,0.04,0.57,0.0,0.01,4.3,1.46,12.44
Campbell,15,119.8,113,85,74,77,150,616,29,1,4,13,13,39,4,43,14,5,5,22,0,1,1.71,1.61,1.21,1.06,1.1,2.14,8.8,0.41,0.01,0.06,0.19,0.19,0.56,0.06,0.61,0.2,0.07,0.07,0.31,0.0,0.01,5.56,1.59,11.27
Canisius,42,325.9,385,270,231,199,305,1672,73,12,7,40,37,44,4,18,7,14,20,92,0,4,2.14,2.53,1.78,1.52,1.31,2.01,11.0,0.48,0.08,0.05,0.26,0.24,0.29,0.03,0.12,0.05,0.09,0.13,0.61,0.0,0.03,6.38,1.79,8.42
Central Ark.,13,100.8,125,91,79,50,92,511,24,0,0,17,12,26,0,25,11,3,7,15,0,0,2.24,2.78,2.02,1.76,1.11,2.04,11.36,0.53,0.0,0.0,0.38,0.27,0.58,0.0,0.56,0.24,0.07,0.16,0.33,0.0,0.0,7.05,1.74,8.21
Central Conn. St.,3,24.9,30,19,13,12,8,132,9,1,1,1,1,5,0,0,0,4,3,4,0,0,2.49,3.0,1.9,1.3,1.2,0.8,13.2,0.9,0.1,0.1,0.1,0.1,0.5,0.0,0.0,0.0,0.4,0.3,0.4,0.0,0.0,4.7,1.69,2.89
Central Mich.,13,105.1,147,117,105,74,89,584,27,5,0,20,11,21,1,29,17,5,11,30,0,2,1.64,2.3,1.83,1.64,1.16,1.39,9.12,0.42,0.08,0.0,0.31,0.17,0.33,0.02,0.45,0.27,0.08,0.17,0.47,0.0,0.03,8.99,2.1,7.62
Champion Chris.,2,12.1,20,21,17,8,6,73,3,2,0,0,2,8,0,0,0,0,1,1,0,1,2.02,3.33,3.5,2.83,1.33,1.0,12.17,0.5,0.33,0.0,0.0,0.33,1.33,0.0,0.0,0.0,0.0,0.17,0.17,0.0,0.17,12.64,2.31,4.46
Charleston So.,14,114.7,151,115,102,73,93,585,31,1,4,14,20,17,3,31,12,11,4,27,0,6,1.91,2.52,1.92,1.7,1.22,1.55,9.75,0.52,0.02,0.07,0.23,0.33,0.28,0.05,0.52,0.2,0.18,0.07,0.45,0.0,0.1,8.0,1.95,7.3
Charlotte,22,167.6,202,146,137,107,160,891,43,5,4,20,16,33,0,85,39,7,8,34,0,2,1.82,2.2,1.59,1.49,1.16,1.74,9.68,0.47,0.05,0.04,0.22,0.17,0.36,0.0,0.92,0.42,0.08,0.09,0.37,0.0,0.02,7.36,1.84,8.59
Cincinnati,21,168.2,168,113,106,74,177,786,27,3,2,27,13,18,2,39,17,10,6,42,0,1,1.96,1.95,1.31,1.23,0.86,2.06,9.14,0.31,0.03,0.02,0.31,0.15,0.21,0.02,0.45,0.2,0.12,0.07,0.49,0.0,0.01,5.67,1.44,9.47
Clemson,8,62.5,55,34,32,22,79,282,14,0,0,6,3,9,2,14,4,0,3,22,0,0,1.89,1.67,1.03,0.97,0.67,2.39,8.55,0.42,0.0,0.0,0.18,0.09,0.27,0.06,0.42,0.12,0.0,0.09,0.67,0.0,0.0,4.61,1.23,11.38
Coastal Carolina,21,166.6,189,110,104,75,158,812,39,2,1,18,15,28,1,37,11,7,3,35,0,0,2.08,2.36,1.38,1.3,0.94,1.98,10.15,0.49,0.02,0.01,0.22,0.19,0.35,0.01,0.46,0.14,0.09,0.04,0.44,0.0,0.0,5.62,1.58,8.54
Col. of Charleston,12,94.4,135,92,83,41,79,486,27,6,3,8,6,16,3,30,21,8,5,14,0,0,1.89,2.7,1.84,1.66,0.82,1.58,9.72,0.54,0.12,0.06,0.16,0.12,0.32,0.06,0.6,0.42,0.16,0.1,0.28,0.0,0.0,7.91,1.86,7.53
Columbia,13,102.7,117,86,79,74,98,524,28,0,3,16,15,18,0,16,5,5,3,14,0,0,2.05,2.34,1.72,1.58,1.48,1.96,10.48,0.56,0.0,0.06,0.32,0.3,0.36,0.0,0.32,0.1,0.1,0.06,0.28,0.0,0.0,6.92,1.86,8.59
Coppin St.,5,42.6,43,36,23,34,33,212,3,2,0,3,2,7,0,0,0,4,8,13,0,1,2.03,2.05,1.71,1.1,1.62,1.57,10.1,0.14,0.1,0.0,0.14,0.1,0.33,0.0,0.0,0.0,0.19,0.38,0.62,0.0,0.05,4.86,1.81,6.97
Cornell,11,97.0,94,85,75,58,79,483,20,3,2,11,14,31,1,16,12,4,9,26,0,0,2.37,2.29,2.07,1.83,1.41,1.93,11.78,0.49,0.07,0.05,0.27,0.34,0.76,0.02,0.39,0.29,0.1,0.22,0.63,0.0,0.0,6.96,1.57,7.33
Creighton,16,135.5,150,85,78,72,141,657,30,1,1,18,11,22,8,35,24,3,5,40,0,0,1.88,2.08,1.18,1.08,1.0,1.96,9.12,0.42,0.01,0.01,0.25,0.15,0.31,0.11,0.49,0.33,0.04,0.07,0.56,0.0,0.0,5.18,1.64,9.37
DBU,31,239.6,280,212,193,153,270,1275,62,2,3,43,26,63,0,17,2,9,9,65,0,1,1.65,1.93,1.46,1.33,1.06,1.86,8.79,0.43,0.01,0.02,0.3,0.18,0.43,0.0,0.12,0.01,0.06,0.06,0.45,0.0,0.01,7.25,1.81,10.14
Dartmouth,8,68.5,65,42,35,30,78,326,17,3,0,4,11,13,0,15,4,2,2,20,0,0,2.74,2.6,1.68,1.4,1.2,3.12,13.04,0.68,0.12,0.0,0.16,0.44,0.52,0.0,0.6,0.16,0.08,0.08,0.8,0.0,0.0,4.6,1.39,10.25
Davidson,11,86.3,127,127,108,78,84,523,23,2,1,20,23,30,1,10,7,10,4,17,0,5,1.51,2.23,2.23,1.89,1.37,1.47,9.18,0.4,0.04,0.02,0.35,0.4,0.53,0.02,0.18,0.12,0.18,0.07,0.3,0.0,0.09,11.26,2.38,8.76
Dayton,50,392.0,514,378,326,230,418,2132,120,10,8,67,51,106,3,177,75,23,20,141,0,13,1.61,2.11,1.55,1.34,0.94,1.71,8.74,0.49,0.04,0.03,0.27,0.21,0.43,0.01,0.73,0.31,0.09,0.08,0.58,0.0,0.05,7.48,1.9,9.6
Delaware,24,186.3,266,207,177,134,168,1013,62,4,6,27,24,32,2,32,14,6,19,33,0,2,2.27,3.24,2.52,2.16,1.63,2.05,12.35,0.76,0.05,0.07,0.33,0.29,0.39,0.02,0.39,0.17,0.07,0.23,0.4,0.0,0.02,8.55,2.15,8.12
Delaware St.,2,17.3,17,11,9,5,15,79,0,0,0,1,0,3,0,0,0,0,0,5,0,0,3.46,3.4,2.2,1.8,1.0,3.0,15.8,0.0,0.0,0.0,0.2,0.0,0.6,0.0,0.0,0.0,0.0,0.0,1.0,0.0,0.0,4.68,1.27,7.8
Duke,15,101.3,127,124,96,76,103,607,24,2,3,19,11,32,1,66,24,4,7,10,0,0,1.18,1.48,1.44,1.12,0.88,1.2,7.06,0.28,0.02,0.03,0.22,0.13,0.37,0.01,0.77,0.28,0.05,0.08,0.12,0.0,0.0,8.53,2.0,9.15
ETSU,13,92.3,117,73,61,47,101,495,26,2,0,12,8,22,0,42,16,4,4,30,0,0,1.32,1.67,1.04,0.87,0.67,1.44,7.07,0.37,0.03,0.0,0.17,0.11,0.31,0.0,0.6,0.23,0.06,0.06,0.43,0.0,0.0,5.95,1.78,9.85
East Carolina,43,326.5,347,216,182,162,387,1620,47,3,1,44,28,68,3,107,43,23,12,52,0,4,1.93,2.05,1.28,1.08,0.96,2.29,9.59,0.28,0.02,0.01,0.26,0.17,0.4,0.02,0.63,0.25,0.14,0.07,0.31,0.0,0.02,5.02,1.56,10.67
Eastern Ill.,11,89.9,125,84,75,49,60,466,25,1,4,10,7,11,3,13,11,7,6,13,0,1,2.9,4.03,2.71,2.42,1.58,1.94,15.03,0.81,0.03,0.13,0.32,0.23,0.35,0.1,0.42,0.35,0.23,0.19,0.42,0.0,0.03,7.51,1.94,6.01
Eastern Ky.,9,62.8,88,79,76,51,50,362,23,2,0,14,9,19,2,37,16,3,6,9,0,1,1.34,1.87,1.68,1.62,1.09,1.06,7.7,0.49,0.04,0.0,0.3,0.19,0.4,0.04,0.79,0.34,0.06,0.13,0.19,0.0,0.02,10.89,2.21,7.17
Eastern Mich.,48,377.3,517,388,358,236,355,2044,83,18,5,66,50,89,2,127,68,17,23,81,0,3,1.53,2.1,1.58,1.46,0.96,1.44,8.31,0.34,0.07,0.02,0.27,0.2,0.36,0.01,0.52,0.28,0.07,0.09,0.33,0.0,0.01,8.54,2.0,8.47
Elon,2,16.3,13,4,4,2,11,64,4,0,0,1,0,1,0,2,0,0,0,0,0,0,1.48,1.18,0.36,0.36,0.18,1.0,5.82,0.36,0.0,0.0,0.09,0.0,0.09,0.0,0.18,0.0,0.0,0.0,0.0,0.0,0.0,2.21,0.92,6.07
Evansville,27,215.3,292,209,184,102,191,1092,63,4,2,41,20,39,1,8,3,14,17,49,0,4,2.32,3.14,2.25,1.98,1.1,2.05,11.74,0.68,0.04,0.02,0.44,0.22,0.42,0.01,0.09,0.03,0.15,0.18,0.53,0.0,0.04,7.69,1.83,7.98
FDU,4,32.6,38,29,27,14,33,158,7,2,1,6,2,8,0,0,0,2,3,8,0,1,2.96,3.45,2.64,2.45,1.27,3.0,14.36,0.64,0.18,0.09,0.55,0.18,0.73,0.0,0.0,0.0,0.18,0.27,0.73,0.0,0.09,7.45,1.6,9.11
FGCU,18,141.9,147,84,77,63,180,673,31,1,0,13,16,17,3,22,16,10,7,25,0,4,2.22,2.3,1.31,1.2,0.98,2.81,10.52,0.48,0.02,0.0,0.2,0.25,0.27,0.05,0.34,0.25,0.16,0.11,0.39,0.0,0.06,4.88,1.48,11.42
FIU,22,169.2,196,161,140,138,164,911,42,4,6,12,30,26,1,14,13,21,9,53,0,3,1.8,2.09,1.71,1.49,1.47,1.74,9.69,0.45,0.04,0.06,0.13,0.32,0.28,0.01,0.15,0.14,0.22,0.1,0.56,0.0,0.03,7.45,1.97,8.72
Fairfield,4,35.3,37,25,25,21,25,169,5,2,1,3,4,8,0,0,0,2,3,8,0,1,1.96,2.06,1.39,1.39,1.17,1.39,9.39,0.28,0.11,0.06,0.17,0.22,0.44,0.0,0.0,0.0,0.11,0.17,0.44,0.0,0.06,6.37,1.64,6.37
Findlay,1,9.0,9,7,6,7,9,45,0,0,0,1,1,2,0,0,0,0,1,4,0,0,1.8,1.8,1.4,1.2,1.4,1.8,9.0,0.0,0.0,0.0,0.2,0.2,0.4,0.0,0.0,0.0,0.0,0.2,0.8,0.0,0.0,6.0,1.78,9.0
Fla. Atlantic,11,91.7,99,65,58,39,88,444,20,1,0,10,6,13,2,27,13,5,3,18,0,1,1.87,2.02,1.33,1.18,0.8,1.8,9.06,0.41,0.02,0.0,0.2,0.12,0.27,0.04,0.55,0.27,0.1,0.06,0.37,0.0,0.02,5.69,1.5,8.64
Florida,55,437.7,438,257,221,173,563,2085,82,6,0,42,38,51,1,154,55,14,16,142,0,3,2.05,2.05,1.2,1.03,0.81,2.63,9.74,0.38,0.03,0.0,0.2,0.18,0.24,0.0,0.72,0.26,0.07,0.07,0.66,0.0,0.01,4.54,1.4,11.58
Florida A&M,7,46.0,67,68,62,62,49,302,14,0,1,5,15,17,1,24,14,0,7,11,0,0,1.05,1.52,1.55,1.41,1.41,1.11,6.86,0.32,0.0,0.02,0.11,0.34,0.39,0.02,0.55,0.32,0.0,0.16,0.25,0.0,0.0,12.13,2.8,9.59
Florida St.,13,101.2,91,53,48,60,138,497,12,3,0,13,18,15,3,37,16,4,3,35,0,0,1.58,1.42,0.83,0.75,0.94,2.16,7.77,0.19,0.05,0.0,0.2,0.28,0.23,0.05,0.58,0.25,0.06,0.05,0.55,0.0,0.0,4.27,1.49,12.27
Fordham,50,411.5,509,386,357,224,382,2074,86,6,0,70,29,83,4,76,45,30,23,109,0,4,2.17,2.68,2.03,1.88,1.18,2.01,10.92,0.45,0.03,0.0,0.37,0.15,0.44,0.02,0.4,0.24,0.16,0.12,0.57,0.0,0.02,7.81,1.78,8.35
Fresno St.,19,149.3,199,166,145,96,121,822,45,4,0,27,19,37,3,60,33,7,9,32,0,3,1.61,2.14,1.78,1.56,1.03,1.3,8.84,0.48,0.04,0.0,0.29,0.2,0.4,0.03,0.65,0.35,0.08,0.1,0.34,0.0,0.03,8.74,1.98,7.29
Ga. Southern,56,427.3,649,514,460,259,400,2392,133,13,5,79,37,83,5,140,90,42,31,71,0,3,1.72,2.62,2.07,1.85,1.04,1.61,9.65,0.54,0.05,0.02,0.32,0.15,0.33,0.02,0.56,0.36,0.17,0.12,0.29,0.0,0.01,9.69,2.12,8.42
Gardner-Webb,26,200.5,269,201,177,125,175,1055,59,6,2,33,25,39,1,50,24,8,12,39,0,2,2.07,2.77,2.07,1.82,1.29,1.8,10.88,0.61,0.06,0.02,0.34,0.26,0.4,0.01,0.52,0.25,0.08,0.12,0.4,0.0,0.02,7.95,1.97,7.86
George Mason,10,81.4,82,56,39,46,68,387,18,1,1,10,8,13,3,10,6,5,3,19,0,1,2.81,2.83,1.93,1.34,1.59,2.34,13.34,0.62,0.03,0.03,0.34,0.28,0.45,0.1,0.34,0.21,0.17,0.1,0.66,0.0,0.03,4.31,1.57,7.52
George Washington,5,39.5,47,43,40,35,24,212,11,0,0,10,3,10,0,6,3,0,2,10,0,0,1.52,1.81,1.65,1.54,1.35,0.92,8.15,0.42,0.0,0.0,0.38,0.12,0.38,0.0,0.23,0.12,0.0,0.08,0.38,0.0,0.0,9.11,2.08,5.47
Georgetown,10,81.2,96,82,65,49,90,439,20,3,1,13,11,24,0,2,2,7,4,14,0,2,1.35,1.6,1.37,1.08,0.82,1.5,7.32,0.33,0.05,0.02,0.22,0.18,0.4,0.0,0.03,0.03,0.12,0.07,0.23,0.0,0.03,7.2,1.79,9.98
Georgia,28,231.1,239,161,150,141,289,1155,45,1,1,44,21,27,1,84,27,5,8,76,0,1,1.94,2.01,1.35,1.26,1.18,2.43,9.71,0.38,0.01,0.01,0.37,0.18,0.23,0.01,0.71,0.23,0.04,0.07,0.64,0.0,0.01,5.84,1.64,11.25
Georgia St.,19,154.2,174,134,124,103,163,799,35,4,4,24,22,35,2,16,9,9,7,43,0,1,2.08,2.35,1.81,1.68,1.39,2.2,10.8,0.47,0.05,0.05,0.32,0.3,0.47,0.03,0.22,0.12,0.12,0.09,0.58,0.0,0.01,7.24,1.8,9.51
Georgia Tech,13,97.1,109,68,63,50,141,498,26,1,0,13,3,13,2,30,8,3,2,19,0,4,1.37,1.54,0.96,0.89,0.7,1.99,7.01,0.37,0.01,0.0,0.18,0.04,0.18,0.03,0.42,0.11,0.04,0.03,0.27,0.0,0.06,5.84,1.64,13.07
Gonzaga,52,424.8,415,275,248,230,502,2012,81,6,2,50,46,60,2,59,31,18,19,126,0,1,2.91,2.84,1.88,1.7,1.58,3.44,13.78,0.55,0.04,0.01,0.34,0.32,0.41,0.01,0.4,0.21,0.12,0.13,0.86,0.0,0.01,5.25,1.52,10.64
Grambling,13,89.9,135,140,122,93,93,553,25,4,4,18,15,37,0,35,26,5,8,19,0,2,1.55,2.33,2.41,2.1,1.6,1.6,9.53,0.43,0.07,0.07,0.31,0.26,0.64,0.0,0.6,0.45,0.09,0.14,0.33,0.0,0.03,12.21,2.54,9.31
Grand Canyon,50,418.3,527,350,312,197,396,2088,101,14,2,55,34,67,6,77,50,23,16,68,0,4,2.29,2.88,1.91,1.7,1.08,2.16,11.41,0.55,0.08,0.01,0.3,0.19,0.37,0.03,0.42,0.27,0.13,0.09,0.37,0.0,0.02,6.71,1.73,8.52
Harvard,37,292.9,337,251,209,152,238,1498,78,8,2,26,36,69,1,50,29,9,12,51,0,5,2.32,2.67,1.99,1.66,1.21,1.89,11.89,0.62,0.06,0.02,0.21,0.29,0.55,0.01,0.4,0.23,0.07,0.1,0.4,0.0,0.04,6.42,1.67,7.31
Hawaii,23,187.6,167,103,81,89,217,878,37,0,2,10,15,25,8,64,26,9,9,57,0,7,2.11,1.88,1.16,0.91,1.0,2.44,9.87,0.42,0.0,0.02,0.11,0.17,0.28,0.09,0.72,0.29,0.1,0.1,0.64,0.0,0.08,3.89,1.36,10.41
High Point,52,431.4,415,269,222,208,415,2028,80,11,0,44,34,61,2,97,45,19,18,107,0,5,2.22,2.14,1.39,1.14,1.07,2.14,10.45,0.41,0.06,0.0,0.23,0.18,0.31,0.01,0.5,0.23,0.1,0.09,0.55,0.0,0.03,4.63,1.44,8.66
Hofstra,5,35.3,35,41,36,35,32,194,10,0,2,2,13,15,0,5,4,2,2,10,0,1,1.76,1.75,2.05,1.8,1.75,1.6,9.7,0.5,0.0,0.1,0.1,0.65,0.75,0.0,0.25,0.2,0.1,0.1,0.5,0.0,0.05,9.18,1.98,8.16
Holy Cross,2,14.9,23,18,14,9,11,91,3,1,1,2,3,6,0,0,0,0,3,3,0,1,1.24,1.92,1.5,1.17,0.75,0.92,7.58,0.25,0.08,0.08,0.17,0.25,0.5,0.0,0.0,0.0,0.0,0.25,0.25,0.0,0.08,8.46,2.15,6.64
Houston,11,85.2,114,84,74,41,84,438,22,1,0,12,13,14,0,27,14,3,5,4,0,1,1.78,2.38,1.75,1.54,0.85,1.75,9.12,0.46,0.02,0.0,0.25,0.27,0.29,0.0,0.56,0.29,0.06,0.1,0.08,0.0,0.02,7.82,1.82,8.87
Houston Christian,17,123.3,151,106,103,68,135,627,24,4,2,24,11,23,1,27,8,5,9,26,0,1,1.71,2.1,1.47,1.43,0.94,1.88,8.71,0.33,0.06,0.03,0.33,0.15,0.32,0.01,0.38,0.11,0.07,0.12,0.36,0.0,0.01,7.52,1.78,9.85
Illinois,49,397.9,425,278,250,173,371,1901,91,14,2,54,25,55,0,44,13,23,15,106,0,6,2.17,2.32,1.52,1.37,0.95,2.03,10.39,0.5,0.08,0.01,0.3,0.14,0.3,0.0,0.24,0.07,0.13,0.08,0.58,0.0,0.03,5.65,1.5,8.39
Illinois St.,19,161.8,174,119,104,75,156,767,34,5,1,17,13,21,1,14,7,11,11,47,0,3,2.05,2.2,1.51,1.32,0.95,1.97,9.71,0.43,0.06,0.01,0.22,0.16,0.27,0.01,0.18,0.09,0.14,0.14,0.59,0.0,0.04,5.78,1.54,8.68
Indiana,53,416.6,500,349,328,257,480,2195,100,17,6,71,39,94,5,130,52,22,23,137,0,5,1.78,2.14,1.49,1.4,1.1,2.05,9.38,0.43,0.07,0.03,0.3,0.17,0.4,0.02,0.56,0.22,0.09,0.1,0.59,0.0,0.02,7.09,1.82,10.37
Indiana St.,54,439.7,513,379,323,283,421,2271,96,12,3,74,52,61,7,69,19,14,25,91,0,5,1.74,2.03,1.5,1.28,1.12,1.66,8.98,0.38,0.05,0.01,0.29,0.21,0.24,0.03,0.27,0.08,0.06,0.1,0.36,0.0,0.02,6.61,1.81,8.62
Iona,8,69.4,90,60,50,43,70,360,13,5,0,9,10,13,0,11,5,3,2,21,0,3,1.69,2.2,1.46,1.22,1.05,1.71,8.78,0.32,0.12,0.0,0.22,0.24,0.32,0.0,0.27,0.12,0.07,0.05,0.51,0.0,0.07,6.48,1.92,9.08
Iowa,25,198.4,198,134,126,122,185,979,42,6,2,23,20,46,0,63,31,8,9,59,0,1,1.77,1.77,1.2,1.12,1.09,1.65,8.74,0.38,0.05,0.02,0.21,0.18,0.41,0.0,0.56,0.28,0.07,0.08,0.53,0.0,0.01,5.72,1.61,8.39
Jackson St.,7,48.8,54,51,44,38,56,257,13,0,0,5,9,7,0,6,5,4,3,17,0,1,1.95,2.16,2.04,1.76,1.52,2.24,10.28,0.52,0.0,0.0,0.2,0.36,0.28,0.0,0.24,0.2,0.16,0.12,0.68,0.0,0.04,8.11,1.89,10.33
Jacksonville,18,141.6,169,117,104,85,121,718,34,1,0,18,15,17,1,14,8,12,10,32,0,2,1.73,2.06,1.43,1.27,1.04,1.48,8.76,0.41,0.01,0.0,0.22,0.18,0.21,0.01,0.17,0.1,0.15,0.12,0.39,0.0,0.02,6.61,1.79,7.69
Jacksonville St.,53,427.8,365,223,191,224,539,2003,60,9,6,41,49,66,3,73,19,10,19,132,0,4,1.96,1.67,1.02,0.88,1.03,2.47,9.19,0.28,0.04,0.03,0.19,0.22,0.3,0.01,0.33,0.09,0.05,0.09,0.61,0.0,0.02,4.02,1.38,11.34
James Madison,16,129.3,150,90,75,81,108,671,26,3,0,9,14,30,3,15,5,12,8,33,0,3,1.6,1.85,1.11,0.93,1.0,1.33,8.28,0.32,0.04,0.0,0.11,0.17,0.37,0.04,0.19,0.06,0.15,0.1,0.41,0.0,0.04,5.22,1.79,7.52
Kansas,37,291.4,339,223,199,147,341,1482,71,5,2,42,18,41,2,71,25,15,13,52,0,1,1.67,1.94,1.27,1.14,0.84,1.95,8.47,0.41,0.03,0.01,0.24,0.1,0.23,0.01,0.41,0.14,0.09,0.07,0.3,0.0,0.01,6.15,1.67,10.53
Kansas St.,53,423.4,526,354,307,175,460,2108,104,13,2,76,43,60,2,99,45,19,22,86,0,4,2.28,2.83,1.9,1.65,0.94,2.47,11.33,0.56,0.07,0.01,0.41,0.23,0.32,0.01,0.53,0.24,0.1,0.12,0.46,0.0,0.02,6.53,1.66,9.78
Kennesaw St.,51,398.4,498,329,295,233,404,2061,89,8,3,68,39,60,8,60,22,16,25,108,0,5,1.8,2.25,1.49,1.33,1.05,1.83,9.33,0.4,0.04,0.01,0.31,0.18,0.27,0.04,0.27,0.1,0.07,0.11,0.49,0.0,0.02,6.66,1.83,9.13
Kent St.,17,138.5,120,66,58,51,142,640,20,2,2,13,17,28,0,20,4,1,5,30,0,1,2.31,2.0,1.1,0.97,0.85,2.37,10.67,0.33,0.03,0.03,0.22,0.28,0.47,0.0,0.33,0.07,0.02,0.08,0.5,0.0,0.02,3.77,1.23,9.23
Kentucky,49,384.0,417,290,260,219,446,1969,93,4,3,51,61,84,4,180,75,17,17,113,0,1,1.5,1.63,1.13,1.02,0.86,1.74,7.69,0.36,0.02,0.01,0.2,0.24,0.33,0.02,0.7,0.29,0.07,0.07,0.44,0.0,0.0,6.09,1.66,10.45
LIU,3,24.3,42,29,23,13,14,143,4,0,4,2,5,3,0,0,0,3,0,5,0,0,2.02,3.5,2.42,1.92,1.08,1.17,11.92,0.33,0.0,0.33,0.17,0.42,0.25,0.0,0.0,0.0,0.25,0.0,0.42,0.0,0.0,8.52,2.26,5.19
LMU (CA),55,424.6,613,505,446,294,366,2354,142,14,6,67,67,102,3,145,88,22,37,85,0,4,2.03,2.93,2.42,2.13,1.41,1.75,11.26,0.68,0.07,0.03,0.32,0.32,0.49,0.01,0.69,0.42,0.11,0.18,0.41,0.0,0.02,9.45,2.14,7.76
LSU,56,424.8,445,355,313,285,644,2241,76,3,1,71,89,78,11,247,88,9,22,180,0,3,1.44,1.51,1.2,1.06,0.97,2.18,7.6,0.26,0.01,0.0,0.24,0.3,0.26,0.04,0.84,0.3,0.03,0.07,0.61,0.0,0.01,6.63,1.72,13.64
LSU-Alexandria,1,5.3,16,16,16,8,3,42,2,1,0,4,1,2,0,0,0,0,1,1,0,0,0.76,2.29,2.29,2.29,1.14,0.43,6.0,0.29,0.14,0.0,0.57,0.14,0.29,0.0,0.0,0.0,0.0,0.14,0.14,0.0,0.0,27.17,4.53,5.09
La Salle,11,86.6,111,90,82,62,76,458,27,2,0,16,8,22,1,14,7,3,7,24,0,1,1.7,2.18,1.76,1.61,1.22,1.49,8.98,0.53,0.04,0.0,0.31,0.16,0.43,0.02,0.27,0.14,0.06,0.14,0.47,0.0,0.02,8.52,2.0,7.9
Lafayette,3,19.7,32,30,30,20,8,126,3,1,0,7,0,4,0,16,6,3,1,0,0,0,1.23,2.0,1.88,1.88,1.25,0.5,7.88,0.19,0.06,0.0,0.44,0.0,0.25,0.0,1.0,0.38,0.19,0.06,0.0,0.0,0.0,13.71,2.64,3.65
Lamar University,49,390.8,371,259,231,242,433,1987,62,7,4,39,39,92,4,153,68,25,9,80,0,4,1.69,1.61,1.12,1.0,1.05,1.87,8.6,0.27,0.03,0.02,0.17,0.17,0.4,0.02,0.66,0.29,0.11,0.04,0.35,0.0,0.02,5.32,1.57,9.97
Le Moyne,1,6.3,18,24,17,9,9,53,3,0,0,6,2,4,0,0,0,0,0,5,0,0,1.05,3.0,4.0,2.83,1.5,1.5,8.83,0.5,0.0,0.0,1.0,0.33,0.67,0.0,0.0,0.0,0.0,0.0,0.83,0.0,0.0,24.29,4.29,12.86
Liberty,51,423.6,432,266,242,168,468,1955,85,6,4,40,25,56,2,36,20,31,21,114,0,4,2.16,2.2,1.36,1.23,0.86,2.39,9.97,0.43,0.03,0.02,0.2,0.13,0.29,0.01,0.18,0.1,0.16,0.11,0.58,0.0,0.02,5.14,1.42,9.94
Lindenwood,10,80.7,98,58,49,32,49,409,14,2,0,5,6,26,0,0,0,6,6,12,0,2,2.02,2.45,1.45,1.23,0.8,1.23,10.22,0.35,0.05,0.0,0.12,0.15,0.65,0.0,0.0,0.0,0.15,0.15,0.3,0.0,0.05,5.46,1.61,5.46
Lipscomb,7,48.7,77,69,62,40,49,281,14,1,0,14,9,8,0,25,13,2,4,11,0,0,1.43,2.26,2.03,1.82,1.18,1.44,8.26,0.41,0.03,0.0,0.41,0.26,0.24,0.0,0.74,0.38,0.06,0.12,0.32,0.0,0.0,11.46,2.4,9.06
Little Rock,55,432.8,458,315,283,260,432,2158,96,7,4,50,41,64,15,127,77,12,17,89,0,11,1.68,1.78,1.23,1.1,1.01,1.68,8.4,0.37,0.03,0.02,0.19,0.16,0.25,0.06,0.49,0.3,0.05,0.07,0.35,0.0,0.04,5.88,1.66,8.98
Long Beach St.,52,432.0,460,333,305,279,462,2178,87,12,9,32,52,95,1,83,53,28,27,106,0,5,1.96,2.09,1.51,1.39,1.27,2.1,9.9,0.4,0.05,0.04,0.15,0.24,0.43,0.0,0.38,0.24,0.13,0.12,0.48,0.0,0.02,6.35,1.71,9.62
Longwood,6,49.5,51,30,29,28,49,238,10,0,0,3,2,6,3,16,7,9,3,7,0,1,2.36,2.43,1.43,1.38,1.33,2.33,11.33,0.48,0.0,0.0,0.14,0.1,0.29,0.14,0.76,0.33,0.43,0.14,0.33,0.0,0.05,5.27,1.6,8.91
Louisiana,54,450.1,435,279,258,201,466,2123,78,8,4,70,33,87,4,100,31,23,11,111,0,3,2.27,2.2,1.41,1.3,1.02,2.35,10.72,0.39,0.04,0.02,0.35,0.17,0.44,0.02,0.51,0.16,0.12,0.06,0.56,0.0,0.02,5.16,1.41,9.32
Louisiana Tech,56,439.7,458,283,247,209,497,2132,83,6,7,42,46,76,4,89,40,16,23,99,0,5,1.86,1.94,1.2,1.05,0.89,2.11,9.03,0.35,0.03,0.03,0.18,0.19,0.32,0.02,0.38,0.17,0.07,0.1,0.42,0.0,0.02,5.06,1.52,10.17
Louisville,11,86.9,101,75,66,53,93,446,16,1,2,16,12,18,0,39,14,2,5,28,0,3,1.45,1.68,1.25,1.1,0.88,1.55,7.43,0.27,0.02,0.03,0.27,0.2,0.3,0.0,0.65,0.23,0.03,0.08,0.47,0.0,0.05,6.84,1.77,9.63
Maine,6,47.1,69,65,60,37,47,261,17,1,0,12,6,14,0,14,11,0,2,17,0,0,1.74,2.56,2.41,2.22,1.37,1.74,9.67,0.63,0.04,0.0,0.44,0.22,0.52,0.0,0.52,0.41,0.0,0.07,0.63,0.0,0.0,11.46,2.25,8.98
Manhattan,11,88.7,103,78,59,63,77,468,17,7,3,10,11,20,0,6,2,2,2,18,0,3,2.22,2.58,1.95,1.48,1.58,1.92,11.7,0.42,0.18,0.08,0.25,0.28,0.5,0.0,0.15,0.05,0.05,0.05,0.45,0.0,0.08,5.99,1.87,7.81
Marist,5,33.8,55,56,49,35,25,216,15,3,0,6,11,13,1,23,16,4,4,9,0,1,1.3,2.12,2.15,1.88,1.35,0.96,8.31,0.58,0.12,0.0,0.23,0.42,0.5,0.04,0.88,0.62,0.15,0.15,0.35,0.0,0.04,13.05,2.66,6.66
Marshall,18,151.4,189,129,117,68,158,768,33,5,1,31,21,27,3,24,11,9,5,48,0,0,2.52,3.15,2.15,1.95,1.13,2.63,12.8,0.55,0.08,0.02,0.52,0.35,0.45,0.05,0.4,0.18,0.15,0.08,0.8,0.0,0.0,6.96,1.7,9.39
Maryland,26,212.9,256,203,172,115,239,1072,53,1,2,42,30,43,0,31,11,12,6,56,0,2,2.24,2.69,2.14,1.81,1.21,2.52,11.28,0.56,0.01,0.02,0.44,0.32,0.45,0.0,0.33,0.12,0.13,0.06,0.59,0.0,0.02,7.27,1.74,10.1
Massachusetts,13,107.8,129,101,90,82,100,582,22,2,3,10,10,26,0,20,9,10,7,40,0,0,2.25,2.69,2.1,1.88,1.71,2.08,12.12,0.46,0.04,0.06,0.21,0.21,0.54,0.0,0.42,0.19,0.21,0.15,0.83,0.0,0.0,7.51,1.96,8.35
McNeese,20,170.7,176,118,102,109,201,842,26,2,2,21,21,21,2,60,24,9,9,44,0,2,1.66,1.71,1.15,0.99,1.06,1.95,8.17,0.25,0.02,0.02,0.2,0.2,0.2,0.02,0.58,0.23,0.09,0.09,0.43,0.0,0.02,5.38,1.67,10.6
Memphis,54,433.6,544,416,373,268,387,2279,113,10,7,74,51,70,2,99,47,37,33,71,0,2,1.93,2.42,1.85,1.66,1.19,1.72,10.13,0.5,0.04,0.03,0.33,0.23,0.31,0.01,0.44,0.21,0.16,0.15,0.32,0.0,0.01,7.74,1.87,8.03
Mercer,55,424.1,484,335,288,215,496,2151,100,9,13,52,43,79,1,129,65,10,21,80,0,4,1.53,1.74,1.21,1.04,0.77,1.78,7.74,0.36,0.03,0.05,0.19,0.15,0.28,0.0,0.46,0.23,0.04,0.08,0.29,0.0,0.01,6.11,1.65,10.53
Mercyhurst,3,16.1,25,35,27,26,10,112,3,2,3,1,0,10,0,12,7,1,1,6,0,0,1.61,2.5,3.5,2.7,2.6,1.0,11.2,0.3,0.2,0.3,0.1,0.0,1.0,0.0,1.2,0.7,0.1,0.1,0.6,0.0,0.0,15.09,3.17,5.59
Merrimack,14,112.4,141,103,95,68,94,587,26,4,0,18,14,29,0,4,0,2,7,30,0,2,1.73,2.17,1.58,1.46,1.05,1.45,9.03,0.4,0.06,0.0,0.28,0.22,0.45,0.0,0.06,0.0,0.03,0.11,0.46,0.0,0.03,7.61,1.86,7.53
Miami (FL),7,58.0,69,54,48,36,72,305,15,2,1,10,8,9,3,25,14,3,4,9,0,1,1.49,1.77,1.38,1.23,0.92,1.85,7.82,0.38,0.05,0.03,0.26,0.21,0.23,0.08,0.64,0.36,0.08,0.1,0.23,0.0,0.03,7.45,1.81,11.17
Miami (OH),15,118.2,141,98,92,54,122,588,26,4,1,18,8,21,1,15,6,2,6,32,0,4,2.11,2.52,1.75,1.64,0.96,2.18,10.5,0.46,0.07,0.02,0.32,0.14,0.38,0.02,0.27,0.11,0.04,0.11,0.57,0.0,0.07,7.01,1.65,9.29
Michigan,50,399.5,433,264,248,225,406,1995,68,12,6,49,33,66,8,129,54,17,22,93,0,3,1.92,2.08,1.27,1.19,1.08,1.95,9.59,0.33,0.06,0.03,0.24,0.16,0.32,0.04,0.62,0.26,0.08,0.11,0.45,0.0,0.01,5.59,1.65,9.15
Michigan St.,53,422.4,518,317,288,169,398,2105,105,8,4,63,34,73,3,104,47,20,18,103,0,2,1.96,2.41,1.47,1.34,0.79,1.85,9.79,0.49,0.04,0.02,0.29,0.16,0.34,0.01,0.48,0.22,0.09,0.08,0.48,0.0,0.01,6.14,1.63,8.48
Middle Tenn.,20,154.5,196,131,107,91,156,802,24,3,0,22,19,22,1,22,10,10,3,46,0,2,1.93,2.45,1.64,1.34,1.14,1.95,10.02,0.3,0.04,0.0,0.28,0.24,0.28,0.01,0.28,0.12,0.12,0.04,0.57,0.0,0.02,6.23,1.86,9.09
Milwaukee,50,371.5,515,414,349,241,344,2069,109,14,6,52,64,100,2,86,37,16,32,94,0,3,1.82,2.52,2.03,1.71,1.18,1.69,10.14,0.53,0.07,0.03,0.25,0.31,0.49,0.01,0.42,0.18,0.08,0.16,0.46,0.0,0.01,8.45,2.03,8.33
Minnesota,51,410.0,385,236,209,178,443,1900,86,7,4,43,40,68,3,43,20,20,22,115,0,1,1.92,1.8,1.1,0.98,0.83,2.07,8.88,0.4,0.03,0.02,0.2,0.19,0.32,0.01,0.2,0.09,0.09,0.1,0.54,0.0,0.0,4.59,1.37,9.72
Mississippi St.,52,404.0,404,243,219,188,574,1967,69,10,2,53,40,51,3,146,45,10,14,159,0,5,1.67,1.67,1.0,0.9,0.78,2.37,8.13,0.29,0.04,0.01,0.22,0.17,0.21,0.01,0.6,0.19,0.04,0.06,0.66,0.0,0.02,4.88,1.47,12.79
Mississippi Val.,10,78.4,113,95,89,61,56,439,18,5,4,6,17,25,0,10,6,4,11,14,0,4,1.31,1.88,1.58,1.48,1.02,0.93,7.32,0.3,0.08,0.07,0.1,0.28,0.42,0.0,0.17,0.1,0.07,0.18,0.23,0.0,0.07,10.22,2.22,6.43
Missouri,23,181.1,162,107,92,97,211,856,31,3,2,23,25,24,0,63,19,7,6,44,0,3,2.06,1.84,1.22,1.05,1.1,2.4,9.73,0.35,0.03,0.02,0.26,0.28,0.27,0.0,0.72,0.22,0.08,0.07,0.5,0.0,0.03,4.57,1.43,10.49
Missouri St.,50,390.5,498,325,292,222,431,2036,93,12,2,54,44,65,2,126,53,16,17,112,0,2,1.68,2.15,1.4,1.26,0.96,1.86,8.78,0.4,0.05,0.01,0.23,0.19,0.28,0.01,0.54,0.23,0.07,0.07,0.48,0.0,0.01,6.73,1.84,9.93
Mo.-St. Louis,1,6.6,10,12,11,11,5,46,1,2,0,0,3,4,0,0,0,0,0,2,0,0,0.66,1.0,1.2,1.1,1.1,0.5,4.6,0.1,0.2,0.0,0.0,0.3,0.4,0.0,0.0,0.0,0.0,0.0,0.2,0.0,0.0,15.0,3.18,6.82
Monmouth,2,15.3,44,35,34,8,14,103,11,0,0,9,7,4,0,3,3,0,0,0,0,1,1.7,4.89,3.89,3.78,0.89,1.56,11.44,1.22,0.0,0.0,1.0,0.78,0.44,0.0,0.33,0.33,0.0,0.0,0.0,0.0,0.11,20.0,3.4,8.24
Morehead St.,10,83.1,92,62,52,34,65,399,20,4,1,10,10,14,0,17,8,10,3,11,0,1,2.44,2.71,1.82,1.53,1.0,1.91,11.74,0.59,0.12,0.03,0.29,0.29,0.41,0.0,0.5,0.24,0.29,0.09,0.32,0.0,0.03,5.63,1.52,7.04
Mount St. Mary's,42,330.9,393,303,269,244,378,1751,78,6,6,47,24,51,9,18,14,19,12,104,0,8,1.84,2.18,1.68,1.49,1.36,2.1,9.73,0.43,0.03,0.03,0.26,0.13,0.28,0.05,0.1,0.08,0.11,0.07,0.58,0.0,0.04,7.32,1.93,10.28
Murray St.,21,158.6,197,151,138,109,170,864,29,6,3,21,25,41,0,49,35,15,3,52,0,4,1.78,2.21,1.7,1.55,1.22,1.91,9.71,0.33,0.07,0.03,0.24,0.28,0.46,0.0,0.55,0.39,0.17,0.03,0.58,0.0,0.04,7.83,1.93,9.65
N.C. A&T,4,31.5,25,18,15,19,20,144,3,0,1,3,2,3,0,0,0,0,1,9,0,0,1.85,1.47,1.06,0.88,1.12,1.18,8.47,0.18,0.0,0.06,0.18,0.12,0.18,0.0,0.0,0.0,0.0,0.06,0.53,0.0,0.0,4.29,1.4,5.71
NC State,35,278.5,223,155,128,140,355,1256,48,2,2,36,11,31,1,53,27,9,7,46,0,11,2.3,1.84,1.28,1.06,1.16,2.93,10.38,0.4,0.02,0.02,0.3,0.09,0.26,0.01,0.44,0.22,0.07,0.06,0.38,0.0,0.09,4.14,1.3,11.47
NIU,12,96.9,119,79,68,41,97,485,33,3,0,11,5,14,1,18,3,4,8,27,0,0,1.9,2.33,1.55,1.33,0.8,1.9,9.51,0.65,0.06,0.0,0.22,0.1,0.27,0.02,0.35,0.06,0.08,0.16,0.53,0.0,0.0,6.32,1.65,9.01
NJIT,1,8.2,8,1,1,6,5,39,0,0,0,0,0,1,0,2,0,2,0,2,0,0,2.73,2.67,0.33,0.33,2.0,1.67,13.0,0.0,0.0,0.0,0.0,0.0,0.33,0.0,0.67,0.0,0.67,0.0,0.67,0.0,0.0,1.1,1.71,5.49
Navy,1,8.0,12,8,8,5,10,40,5,0,0,1,0,1,0,2,1,0,1,2,0,0,2.0,3.0,2.0,2.0,1.25,2.5,10.0,1.25,0.0,0.0,0.25,0.0,0.25,0.0,0.5,0.25,0.0,0.25,0.5,0.0,0.0,9.0,2.12,11.25
Nebraska,27,213.6,200,141,123,123,247,1041,35,4,4,24,25,33,1,78,31,7,8,51,0,2,1.79,1.68,1.18,1.03,1.03,2.08,8.75,0.29,0.03,0.03,0.2,0.21,0.28,0.01,0.66,0.26,0.06,0.07,0.43,0.0,0.02,5.18,1.51,10.41
Nevada,15,113.4,165,119,109,58,113,603,34,3,0,18,12,18,0,30,13,2,5,22,0,2,1.99,2.89,2.09,1.91,1.02,1.98,10.58,0.6,0.05,0.0,0.32,0.21,0.32,0.0,0.53,0.23,0.04,0.09,0.39,0.0,0.04,8.65,1.97,8.97
New Haven,37,276.3,400,395,341,254,224,1625,85,12,5,27,54,83,1,26,21,13,34,63,0,3,1.84,2.67,2.63,2.27,1.69,1.49,10.83,0.57,0.08,0.03,0.18,0.36,0.55,0.01,0.17,0.14,0.09,0.23,0.42,0.0,0.02,11.11,2.37,7.3
New Mexico,17,136.8,181,134,120,67,134,695,45,3,0,30,8,28,1,32,20,5,8,17,0,3,2.1,2.78,2.06,1.85,1.03,2.06,10.69,0.69,0.05,0.0,0.46,0.12,0.43,0.02,0.49,0.31,0.08,0.12,0.26,0.0,0.05,7.89,1.81,8.82
New Mexico St.,54,421.8,559,488,425,321,383,2289,102,16,4,77,48,86,10,47,27,20,28,104,0,8,1.62,2.14,1.87,1.63,1.23,1.47,8.77,0.39,0.06,0.02,0.3,0.18,0.33,0.04,0.18,0.1,0.08,0.11,0.4,0.0,0.03,9.07,2.09,8.17
New Orleans,25,190.5,229,198,181,167,162,1040,46,3,0,24,24,46,5,39,21,15,12,32,0,4,1.67,2.01,1.74,1.59,1.46,1.42,9.12,0.4,0.03,0.0,0.21,0.21,0.4,0.04,0.34,0.18,0.13,0.11,0.28,0.0,0.04,8.55,2.08,7.65
Niagara,9,73.1,109,81,75,52,69,412,14,7,0,10,16,16,1,0,0,4,3,15,0,1,1.74,2.6,1.93,1.79,1.24,1.64,9.81,0.33,0.17,0.0,0.24,0.38,0.38,0.02,0.0,0.0,0.1,0.07,0.36,0.0,0.02,9.23,2.2,8.5
Nicholls,15,111.2,149,126,106,71,133,612,36,2,0,20,20,19,0,41,15,4,6,31,0,0,1.44,1.94,1.64,1.38,0.92,1.73,7.95,0.47,0.03,0.0,0.26,0.26,0.25,0.0,0.53,0.19,0.05,0.08,0.4,0.0,0.0,8.58,1.98,10.76
Norfolk St.,5,40.5,72,65,56,34,26,244,15,2,2,8,7,7,0,0,0,6,2,9,0,0,1.93,3.43,3.1,2.67,1.62,1.24,11.62,0.71,0.1,0.1,0.38,0.33,0.33,0.0,0.0,0.0,0.29,0.1,0.43,0.0,0.0,12.44,2.62,5.78
North Ala.,8,60.4,82,71,65,47,55,342,16,3,0,10,3,23,0,26,13,3,5,3,0,0,1.73,2.34,2.03,1.86,1.34,1.57,9.77,0.46,0.09,0.0,0.29,0.09,0.66,0.0,0.74,0.37,0.09,0.14,0.09,0.0,0.0,9.69,2.14,8.2
North Carolina,15,122.4,126,77,66,73,149,619,22,2,0,12,16,15,3,39,19,5,3,15,0,2,1.85,1.91,1.17,1.0,1.11,2.26,9.38,0.33,0.03,0.0,0.18,0.24,0.23,0.05,0.59,0.29,0.08,0.05,0.23,0.0,0.03,4.85,1.63,10.96
North Dakota St.,4,30.8,35,29,27,24,33,168,5,1,0,9,1,11,0,3,0,0,2,7,0,0,1.47,1.67,1.38,1.29,1.14,1.57,8.0,0.24,0.05,0.0,0.43,0.05,0.52,0.0,0.14,0.0,0.0,0.1,0.33,0.0,0.0,7.89,1.92,9.64
North Florida,51,404.5,402,257,222,203,425,1944,84,6,1,32,32,70,3,82,45,27,20,93,0,5,2.06,2.05,1.31,1.13,1.04,2.17,9.92,0.43,0.03,0.01,0.16,0.16,0.36,0.02,0.42,0.23,0.14,0.1,0.47,0.0,0.03,4.94,1.5,9.46
Northeastern,6,43.8,52,44,40,35,38,233,9,1,0,4,11,6,0,10,3,1,1,13,0,0,1.75,2.08,1.76,1.6,1.4,1.52,9.32,0.36,0.04,0.0,0.16,0.44,0.24,0.0,0.4,0.12,0.04,0.04,0.52,0.0,0.0,8.22,1.99,7.81
Northern Colo.,10,61.4,108,111,101,80,61,404,25,5,2,15,23,15,1,29,25,3,6,5,0,4,1.12,1.96,2.02,1.84,1.45,1.11,7.35,0.45,0.09,0.04,0.27,0.42,0.27,0.02,0.53,0.45,0.05,0.11,0.09,0.0,0.07,14.8,3.06,8.94
Northern Ky.,9,70.3,93,87,73,55,60,391,24,1,0,19,12,14,3,17,9,3,1,11,0,1,1.56,2.07,1.93,1.62,1.22,1.33,8.69,0.53,0.02,0.0,0.42,0.27,0.31,0.07,0.38,0.2,0.07,0.02,0.24,0.0,0.02,9.35,2.11,7.68
Northwestern,49,382.9,503,365,330,219,293,1996,108,13,5,81,37,81,10,82,33,22,25,83,0,6,2.21,2.91,2.11,1.91,1.27,1.69,11.54,0.62,0.08,0.03,0.47,0.21,0.47,0.06,0.47,0.19,0.13,0.14,0.48,0.0,0.03,7.76,1.89,6.89
Northwestern St.,46,383.8,409,223,195,148,404,1819,67,7,1,33,45,51,1,78,31,19,19,67,0,1,2.44,2.61,1.42,1.24,0.94,2.57,11.59,0.43,0.04,0.01,0.21,0.29,0.32,0.01,0.5,0.2,0.12,0.12,0.43,0.0,0.01,4.57,1.45,9.47
Notre Dame,16,126.3,139,94,86,49,145,613,24,1,2,19,15,16,2,22,15,3,6,25,0,0,1.71,1.88,1.27,1.16,0.66,1.96,8.28,0.32,0.01,0.03,0.26,0.2,0.22,0.03,0.3,0.2,0.04,0.08,0.34,0.0,0.0,6.13,1.49,10.33
Oakland,14,106.5,155,125,100,82,78,614,36,2,1,9,20,27,5,50,19,7,3,17,0,0,1.46,2.12,1.71,1.37,1.12,1.07,8.41,0.49,0.03,0.01,0.12,0.27,0.37,0.07,0.68,0.26,0.1,0.04,0.23,0.0,0.0,8.45,2.23,6.59
Ohio,13,95.3,148,104,94,56,66,533,31,5,1,7,11,23,1,20,13,4,7,25,0,0,1.94,3.02,2.12,1.92,1.14,1.35,10.88,0.63,0.1,0.02,0.14,0.22,0.47,0.02,0.41,0.27,0.08,0.14,0.51,0.0,0.0,8.88,2.14,6.23
Ohio St.,24,190.3,197,131,116,90,202,922,46,5,0,26,19,32,2,24,10,7,6,40,0,2,2.19,2.26,1.51,1.33,1.03,2.32,10.6,0.53,0.06,0.0,0.3,0.22,0.37,0.02,0.28,0.11,0.08,0.07,0.46,0.0,0.02,5.49,1.51,9.55
Oklahoma,22,167.0,181,144,125,101,194,858,31,3,2,42,18,28,2,64,24,7,11,52,0,0,1.46,1.59,1.26,1.1,0.89,1.7,7.53,0.27,0.03,0.02,0.37,0.16,0.25,0.02,0.56,0.21,0.06,0.1,0.46,0.0,0.0,6.74,1.69,10.46
Oklahoma St.,19,145.4,195,151,141,96,152,777,31,1,3,29,17,26,1,54,28,5,7,19,0,2,1.77,2.38,1.84,1.72,1.17,1.85,9.48,0.38,0.01,0.04,0.35,0.21,0.32,0.01,0.66,0.34,0.06,0.09,0.23,0.0,0.02,8.73,2.0,9.41
Old Dominion,16,122.6,196,151,136,86,106,706,31,0,2,20,18,27,3,54,34,11,15,20,0,2,1.5,2.39,1.84,1.66,1.05,1.29,8.61,0.38,0.0,0.02,0.24,0.22,0.33,0.04,0.66,0.41,0.13,0.18,0.24,0.0,0.02,9.98,2.3,7.78
Ole Miss,56,449.1,452,268,234,178,627,2099,67,5,2,72,26,51,5,100,40,16,15,149,0,16,2.11,2.12,1.26,1.1,0.84,2.94,9.85,0.31,0.02,0.01,0.34,0.12,0.24,0.02,0.47,0.19,0.08,0.07,0.7,0.0,0.08,4.69,1.4,12.57
Omaha,9,71.8,84,57,49,38,51,360,20,3,2,8,4,13,0,13,7,7,3,11,0,0,1.89,2.21,1.5,1.29,1.0,1.34,9.47,0.53,0.08,0.05,0.21,0.11,0.34,0.0,0.34,0.18,0.18,0.08,0.29,0.0,0.0,6.14,1.7,6.39
Oral Roberts,5,32.3,56,46,44,26,34,199,10,0,1,7,7,5,0,13,8,0,1,5,0,0,1.11,1.93,1.59,1.52,0.9,1.17,6.86,0.34,0.0,0.03,0.24,0.24,0.17,0.0,0.45,0.28,0.0,0.03,0.17,0.0,0.0,12.26,2.54,9.47
Oregon,24,199.1,165,107,99,95,252,915,35,4,1,25,23,33,1,45,14,8,6,74,0,6,1.88,1.56,1.01,0.93,0.9,2.38,8.63,0.33,0.04,0.01,0.24,0.22,0.31,0.01,0.42,0.13,0.08,0.06,0.7,0.0,0.06,4.48,1.31,11.39
Oregon St.,55,463.7,387,206,182,185,646,2091,63,4,2,42,37,68,5,127,41,19,10,130,0,7,2.09,1.74,0.93,0.82,0.83,2.91,9.42,0.28,0.02,0.01,0.19,0.17,0.31,0.02,0.57,0.18,0.09,0.05,0.59,0.0,0.03,3.53,1.23,12.54
Pacific,49,402.9,454,316,284,255,425,2033,95,16,2,37,62,82,7,46,34,18,29,102,0,12,2.28,2.56,1.79,1.6,1.44,2.4,11.49,0.54,0.09,0.01,0.21,0.35,0.46,0.04,0.26,0.19,0.1,0.16,0.58,0.0,0.07,6.34,1.76,9.49
Penn,12,98.5,128,79,72,42,95,486,31,1,1,13,11,21,0,23,16,7,4,15,0,0,2.59,3.37,2.08,1.89,1.11,2.5,12.79,0.82,0.03,0.03,0.34,0.29,0.55,0.0,0.61,0.42,0.18,0.11,0.39,0.0,0.0,6.58,1.73,8.68
Penn St.,50,376.5,520,393,346,250,355,2060,110,15,0,61,44,65,6,107,45,27,32,103,0,3,1.73,2.39,1.8,1.59,1.15,1.63,9.45,0.5,0.07,0.0,0.28,0.2,0.3,0.03,0.49,0.21,0.12,0.15,0.47,0.0,0.01,8.27,2.05,8.49
Pepperdine,18,143.1,203,124,112,61,120,741,55,5,2,13,16,23,0,51,23,10,9,22,0,3,1.83,2.6,1.59,1.44,0.78,1.54,9.5,0.71,0.06,0.03,0.17,0.21,0.29,0.0,0.65,0.29,0.13,0.12,0.28,0.0,0.04,7.04,1.84,7.55
Pittsburgh,10,81.5,80,37,36,31,81,361,10,1,0,10,8,9,1,5,5,3,2,9,0,3,2.26,2.22,1.03,1.0,0.86,2.25,10.03,0.28,0.03,0.0,0.28,0.22,0.25,0.03,0.14,0.14,0.08,0.06,0.25,0.0,0.08,3.98,1.36,8.94
Portland,18,154.5,166,98,90,65,126,724,32,4,1,13,19,15,1,27,9,13,6,33,0,0,2.53,2.72,1.61,1.48,1.07,2.07,11.87,0.52,0.07,0.02,0.21,0.31,0.25,0.02,0.44,0.15,0.21,0.1,0.54,0.0,0.0,5.24,1.5,7.34
Prairie View,5,32.6,50,52,43,34,20,199,15,2,0,1,8,16,1,8,2,1,3,6,0,1,1.55,2.38,2.48,2.05,1.62,0.95,9.48,0.71,0.1,0.0,0.05,0.38,0.76,0.05,0.38,0.1,0.05,0.14,0.29,0.0,0.05,11.87,2.58,5.52
Presbyterian,15,108.4,181,152,135,81,87,638,45,11,6,23,22,14,3,44,23,7,10,20,0,2,1.41,2.35,1.97,1.75,1.05,1.13,8.29,0.58,0.14,0.08,0.3,0.29,0.18,0.04,0.57,0.3,0.09,0.13,0.26,0.0,0.03,11.21,2.42,7.22
Princeton,14,109.5,135,105,99,63,78,553,25,3,2,16,11,35,2,15,11,5,5,23,0,2,2.74,3.38,2.62,2.48,1.58,1.95,13.82,0.62,0.08,0.05,0.4,0.28,0.88,0.05,0.38,0.28,0.12,0.12,0.57,0.0,0.05,8.14,1.81,6.41
Purdue,52,410.2,535,322,285,179,352,2120,96,8,4,59,39,57,15,170,55,26,24,93,0,3,1.68,2.19,1.32,1.17,0.73,1.44,8.69,0.39,0.03,0.02,0.24,0.16,0.23,0.06,0.7,0.23,0.11,0.1,0.38,0.0,0.01,6.25,1.74,7.72
Queens (NC),17,137.2,148,115,102,89,115,685,23,6,1,13,13,30,3,36,21,5,13,24,0,1,2.11,2.28,1.77,1.57,1.37,1.77,10.54,0.35,0.09,0.02,0.2,0.2,0.46,0.05,0.55,0.32,0.08,0.2,0.37,0.0,0.02,6.69,1.73,7.54
Quinnipiac,16,122.5,157,101,91,51,113,617,26,4,2,15,9,16,0,0,0,6,10,28,0,0,2.45,3.14,2.02,1.82,1.02,2.26,12.34,0.52,0.08,0.04,0.3,0.18,0.32,0.0,0.0,0.0,0.12,0.2,0.56,0.0,0.0,6.69,1.7,8.3
Radford,11,85.4,110,77,70,47,76,433,26,2,0,14,5,13,3,21,6,10,6,25,0,2,1.74,2.24,1.57,1.43,0.96,1.55,8.84,0.53,0.04,0.0,0.29,0.1,0.27,0.06,0.43,0.12,0.2,0.12,0.51,0.0,0.04,7.38,1.84,8.01
Rhode Island,9,72.9,60,41,34,31,74,328,14,1,4,8,12,15,0,5,1,1,3,17,0,2,1.78,1.46,1.0,0.83,0.76,1.8,8.0,0.34,0.02,0.1,0.2,0.29,0.37,0.0,0.12,0.02,0.02,0.07,0.41,0.0,0.05,4.2,1.25,9.14
Rice,29,236.5,237,143,129,119,211,1120,38,3,1,35,17,33,1,60,24,12,13,32,0,4,2.44,2.44,1.47,1.33,1.23,2.18,11.55,0.39,0.03,0.01,0.36,0.18,0.34,0.01,0.62,0.25,0.12,0.13,0.33,0.0,0.04,4.91,1.51,8.03
Richmond,11,88.1,108,91,81,62,74,475,22,1,0,20,12,28,4,37,14,6,7,12,0,3,1.73,2.12,1.78,1.59,1.22,1.45,9.31,0.43,0.02,0.0,0.39,0.24,0.55,0.08,0.73,0.27,0.12,0.14,0.24,0.0,0.06,8.27,1.93,7.56
Rider,15,124.3,129,73,65,69,94,586,23,3,0,12,6,16,1,11,3,3,10,27,0,4,2.35,2.43,1.38,1.23,1.3,1.77,11.06,0.43,0.06,0.0,0.23,0.11,0.3,0.02,0.21,0.06,0.06,0.19,0.51,0.0,0.08,4.71,1.59,6.81
Rutgers,28,213.5,296,180,163,109,233,1104,62,4,4,37,15,15,0,75,31,9,12,39,0,1,1.87,2.6,1.58,1.43,0.96,2.04,9.68,0.54,0.04,0.04,0.32,0.13,0.13,0.0,0.66,0.27,0.08,0.11,0.34,0.0,0.01,6.87,1.9,9.82
SFA,8,61.1,91,57,49,24,64,318,17,2,0,7,4,7,0,18,8,5,5,9,0,2,2.11,3.14,1.97,1.69,0.83,2.21,10.97,0.59,0.07,0.0,0.24,0.14,0.24,0.0,0.62,0.28,0.17,0.17,0.31,0.0,0.07,7.22,1.88,9.43
SIUE,21,162.5,187,151,138,92,148,815,47,3,2,32,12,28,1,25,17,7,4,22,0,6,2.06,2.37,1.91,1.75,1.16,1.87,10.32,0.59,0.04,0.03,0.41,0.15,0.35,0.01,0.32,0.22,0.09,0.05,0.28,0.0,0.08,7.64,1.72,8.2
Sacramento St.,17,129.9,150,101,95,63,156,661,31,2,2,25,18,22,1,34,14,7,3,46,0,0,1.73,2.0,1.35,1.27,0.84,2.08,8.81,0.41,0.03,0.03,0.33,0.24,0.29,0.01,0.45,0.19,0.09,0.04,0.61,0.0,0.0,6.58,1.64,10.81
Sacred Heart,14,102.6,139,121,113,77,70,564,31,3,5,20,10,28,1,38,23,2,11,16,0,7,1.94,2.62,2.28,2.13,1.45,1.32,10.64,0.58,0.06,0.09,0.38,0.19,0.53,0.02,0.72,0.43,0.04,0.21,0.3,0.0,0.13,9.91,2.11,6.14
Saint Joseph's,14,110.2,114,91,73,58,137,560,25,3,1,13,12,37,3,22,5,7,7,42,0,2,2.25,2.33,1.86,1.49,1.18,2.8,11.43,0.51,0.06,0.02,0.27,0.24,0.76,0.06,0.45,0.1,0.14,0.14,0.86,0.0,0.04,5.96,1.56,11.19
Saint Louis,11,94.1,90,44,42,41,76,425,13,1,1,8,4,13,0,21,6,3,4,21,0,3,2.3,2.2,1.07,1.02,1.0,1.85,10.37,0.32,0.02,0.02,0.2,0.1,0.32,0.0,0.51,0.15,0.07,0.1,0.51,0.0,0.07,4.02,1.39,7.27
Saint Mary's (CA),54,444.7,514,328,296,235,446,2196,106,10,6,51,53,71,9,106,47,25,26,106,0,8,2.11,2.44,1.55,1.4,1.11,2.11,10.41,0.5,0.05,0.03,0.24,0.25,0.34,0.04,0.5,0.22,0.12,0.12,0.5,0.0,0.04,5.99,1.68,9.03
Saint Peter's,6,41.8,68,60,47,27,33,249,12,4,0,9,1,19,0,0,0,2,5,7,0,1,2.46,4.0,3.53,2.76,1.59,1.94,14.65,0.71,0.24,0.0,0.53,0.06,1.12,0.0,0.0,0.0,0.12,0.29,0.41,0.0,0.06,10.12,2.27,7.11
Sam Houston,20,158.6,213,151,140,89,152,831,42,3,2,32,18,28,1,45,23,7,8,51,0,2,2.01,2.7,1.91,1.77,1.13,1.92,10.52,0.53,0.04,0.03,0.41,0.23,0.35,0.01,0.57,0.29,0.09,0.1,0.65,0.0,0.03,7.94,1.9,8.63
Samford,19,148.1,196,129,115,67,161,749,35,6,3,27,13,21,0,46,17,7,7,37,0,0,1.92,2.55,1.68,1.49,0.87,2.09,9.73,0.45,0.08,0.04,0.35,0.17,0.27,0.0,0.6,0.22,0.09,0.09,0.48,0.0,0.0,6.99,1.78,9.78
San Diego,22,171.3,245,188,175,108,168,948,58,4,0,29,14,33,2,68,23,17,17,27,0,4,1.5,2.15,1.65,1.54,0.95,1.47,8.32,0.51,0.04,0.0,0.25,0.12,0.29,0.02,0.6,0.2,0.15,0.15,0.24,0.0,0.04,9.19,2.06,8.83
San Diego St.,15,126.8,145,89,77,48,119,607,21,3,1,21,13,19,0,24,11,10,10,20,0,2,2.49,2.84,1.75,1.51,0.94,2.33,11.9,0.41,0.06,0.02,0.41,0.25,0.37,0.0,0.47,0.22,0.2,0.2,0.39,0.0,0.04,5.47,1.52,8.45
San Francisco,22,182.2,217,148,128,92,171,893,53,3,2,23,16,34,1,30,20,9,7,40,0,5,1.98,2.36,1.61,1.39,1.0,1.86,9.71,0.58,0.03,0.02,0.25,0.17,0.37,0.01,0.33,0.22,0.1,0.08,0.43,0.0,0.05,6.32,1.7,8.45
San Jose St.,18,141.8,220,166,158,80,128,780,52,6,0,24,18,30,1,42,26,13,8,34,0,3,2.12,3.28,2.48,2.36,1.19,1.91,11.64,0.78,0.09,0.0,0.36,0.27,0.45,0.01,0.63,0.39,0.19,0.12,0.51,0.0,0.04,10.03,2.12,8.12
Santa Clara,16,130.8,145,93,82,60,137,634,38,1,0,21,10,10,0,31,15,7,1,45,0,0,2.01,2.23,1.43,1.26,0.92,2.11,9.75,0.58,0.02,0.0,0.32,0.15,0.15,0.0,0.48,0.23,0.11,0.02,0.69,0.0,0.0,5.64,1.57,9.43
Seattle U,13,101.0,150,102,89,49,93,534,37,3,2,12,13,17,0,13,8,5,11,25,0,0,2.46,3.66,2.49,2.17,1.2,2.27,13.02,0.9,0.07,0.05,0.29,0.32,0.41,0.0,0.32,0.2,0.12,0.27,0.61,0.0,0.0,7.93,1.97,8.29
Seton Hall,10,81.3,86,65,58,55,100,417,17,1,1,2,13,11,0,0,0,2,5,24,0,1,1.98,2.1,1.59,1.41,1.34,2.44,10.17,0.41,0.02,0.02,0.05,0.32,0.27,0.0,0.0,0.0,0.05,0.12,0.59,0.0,0.02,6.42,1.73,11.07
Siena,9,62.1,85,88,71,54,57,360,14,2,2,10,11,19,1,7,4,4,13,16,0,1,1.83,2.5,2.59,2.09,1.59,1.68,10.59,0.41,0.06,0.06,0.29,0.32,0.56,0.03,0.21,0.12,0.12,0.38,0.47,0.0,0.03,10.29,2.24,8.26
South Alabama,29,227.5,257,156,146,104,228,1122,40,7,1,33,12,33,2,17,7,17,8,61,0,3,2.21,2.5,1.51,1.42,1.01,2.21,10.89,0.39,0.07,0.01,0.32,0.12,0.32,0.02,0.17,0.07,0.17,0.08,0.59,0.0,0.03,5.78,1.59,9.02
South Carolina,55,426.9,451,294,255,253,474,2171,75,4,3,61,40,53,8,171,55,26,25,139,0,5,1.74,1.83,1.2,1.04,1.03,1.93,8.83,0.3,0.02,0.01,0.25,0.16,0.22,0.03,0.7,0.22,0.11,0.1,0.57,0.0,0.02,5.38,1.65,9.99
South Dakota St.,5,39.5,46,37,35,34,34,214,13,0,1,3,6,7,2,10,7,5,4,1,0,0,1.46,1.7,1.37,1.3,1.26,1.26,7.93,0.48,0.0,0.04,0.11,0.22,0.26,0.07,0.37,0.26,0.19,0.15,0.04,0.0,0.0,7.97,2.03,7.75
South Fla.,20,165.5,154,100,86,67,151,768,23,1,6,22,9,27,3,32,12,10,3,48,0,1,2.4,2.23,1.45,1.25,0.97,2.19,11.13,0.33,0.01,0.09,0.32,0.13,0.39,0.04,0.46,0.17,0.14,0.04,0.7,0.0,0.01,4.68,1.34,8.21
Southeast Mo. St.,11,80.9,114,54,53,30,74,419,17,1,0,13,12,13,0,37,8,2,1,13,0,2,1.69,2.38,1.12,1.1,0.62,1.54,8.73,0.35,0.02,0.0,0.27,0.25,0.27,0.0,0.77,0.17,0.04,0.02,0.27,0.0,0.04,5.9,1.78,8.23
Southeastern La.,49,382.3,401,273,234,212,371,1867,77,12,1,46,47,48,4,96,49,27,16,41,0,10,1.92,2.02,1.37,1.18,1.07,1.86,9.38,0.39,0.06,0.01,0.23,0.24,0.24,0.02,0.48,0.25,0.14,0.08,0.21,0.0,0.05,5.51,1.6,8.73
Southern California,20,163.9,103,55,49,69,192,719,23,1,3,12,14,15,1,39,10,6,3,65,0,1,2.02,1.27,0.68,0.6,0.85,2.37,8.88,0.28,0.01,0.04,0.15,0.17,0.19,0.01,0.48,0.12,0.07,0.04,0.8,0.0,0.01,2.69,1.05,10.54
Southern Ill.,16,130.0,143,95,74,76,127,648,28,2,0,6,18,20,2,1,1,7,6,41,0,1,1.94,2.13,1.42,1.1,1.13,1.9,9.67,0.42,0.03,0.0,0.09,0.27,0.3,0.03,0.01,0.01,0.1,0.09,0.61,0.0,0.01,5.12,1.68,8.79
Southern Ind.,51,386.6,455,327,283,251,339,2044,79,9,14,28,60,92,2,63,33,25,21,75,0,9,1.3,1.53,1.1,0.95,0.84,1.14,6.86,0.27,0.03,0.05,0.09,0.2,0.31,0.01,0.21,0.11,0.08,0.07,0.25,0.0,0.03,6.59,1.83,7.89
Southern Miss.,52,417.4,414,213,184,151,519,1940,72,4,2,36,24,54,0,128,50,17,10,89,0,7,1.73,1.72,0.88,0.76,0.63,2.15,8.05,0.3,0.02,0.01,0.15,0.1,0.22,0.0,0.53,0.21,0.07,0.04,0.37,0.0,0.03,3.97,1.35,11.19
Southern U.,6,43.6,56,54,45,42,47,248,9,2,0,7,9,14,0,20,14,1,4,10,0,1,1.5,1.93,1.86,1.55,1.45,1.62,8.55,0.31,0.07,0.0,0.24,0.31,0.48,0.0,0.69,0.48,0.03,0.14,0.34,0.0,0.03,9.29,2.25,9.7
Southern-N.O.,1,7.3,7,4,4,4,7,37,1,0,0,0,2,0,0,0,0,0,0,3,0,0,1.46,1.4,0.8,0.8,0.8,1.4,7.4,0.2,0.0,0.0,0.0,0.4,0.0,0.0,0.0,0.0,0.0,0.0,0.6,0.0,0.0,4.93,1.51,8.63
Southwest (NM),2,13.9,47,58,50,17,7,125,12,5,0,5,5,15,0,0,0,0,1,4,0,0,0.99,3.36,4.14,3.57,1.21,0.5,8.93,0.86,0.36,0.0,0.36,0.36,1.07,0.0,0.0,0.0,0.0,0.07,0.29,0.0,0.0,32.37,4.6,4.53
St. Bonaventure,9,71.1,106,76,64,37,67,384,21,2,2,8,11,16,1,8,3,4,3,16,0,0,1.92,2.86,2.05,1.73,1.0,1.81,10.38,0.57,0.05,0.05,0.22,0.3,0.43,0.03,0.22,0.08,0.11,0.08,0.43,0.0,0.0,8.1,2.01,8.48
St. John's (NY),14,107.9,121,79,73,57,86,541,14,5,1,7,7,21,1,18,10,5,5,23,0,0,2.4,2.69,1.76,1.62,1.27,1.91,12.02,0.31,0.11,0.02,0.16,0.16,0.47,0.02,0.4,0.22,0.11,0.11,0.51,0.0,0.0,6.09,1.65,7.17
St. Thomas (MN),12,82.3,127,142,126,108,67,521,27,4,2,12,18,23,0,34,16,4,8,7,0,3,1.42,2.19,2.45,2.17,1.86,1.16,8.98,0.47,0.07,0.03,0.21,0.31,0.4,0.0,0.59,0.28,0.07,0.14,0.12,0.0,0.05,13.78,2.86,7.33
Stanford,7,56.2,70,44,41,33,62,282,14,2,1,6,6,4,0,13,6,1,1,7,0,3,1.56,1.94,1.22,1.14,0.92,1.72,7.83,0.39,0.06,0.03,0.17,0.17,0.11,0.0,0.36,0.17,0.03,0.03,0.19,0.0,0.08,6.57,1.83,9.93
Stetson,51,399.5,470,304,265,209,414,2011,97,7,9,51,35,41,4,113,52,16,24,73,0,5,1.83,2.16,1.39,1.22,0.96,1.9,9.22,0.44,0.03,0.04,0.23,0.16,0.19,0.02,0.52,0.24,0.07,0.11,0.33,0.0,0.02,5.97,1.7,9.33
Stonehill,1,9.0,5,0,0,2,11,34,0,0,0,0,1,0,0,0,0,0,0,4,0,0,2.25,1.25,0.0,0.0,0.5,2.75,8.5,0.0,0.0,0.0,0.0,0.25,0.0,0.0,0.0,0.0,0.0,0.0,1.0,0.0,0.0,0.0,0.78,11.0
Stony Brook,1,7.6,14,12,9,8,10,50,2,0,0,2,3,1,0,0,0,1,0,5,0,0,0.95,1.75,1.5,1.12,1.0,1.25,6.25,0.25,0.0,0.0,0.25,0.38,0.12,0.0,0.0,0.0,0.12,0.0,0.62,0.0,0.0,10.66,2.89,11.84
TCU,23,184.2,193,112,103,103,183,886,38,4,1,13,21,24,2,42,21,8,7,38,0,2,2.0,2.1,1.22,1.12,1.12,1.99,9.63,0.41,0.04,0.01,0.14,0.23,0.26,0.02,0.46,0.23,0.09,0.08,0.41,0.0,0.02,5.03,1.61,8.94
Tarleton St.,9,71.5,92,62,56,38,64,370,17,0,0,16,6,9,0,18,8,4,3,21,0,1,1.79,2.3,1.55,1.4,0.95,1.6,9.25,0.42,0.0,0.0,0.4,0.15,0.22,0.0,0.45,0.2,0.1,0.08,0.52,0.0,0.02,7.05,1.82,8.06
Tennessee,53,432.6,437,273,251,166,532,2037,76,5,8,77,22,59,4,133,55,11,9,145,0,6,1.83,1.85,1.16,1.06,0.7,2.25,8.63,0.32,0.02,0.03,0.33,0.09,0.25,0.02,0.56,0.23,0.05,0.04,0.61,0.0,0.03,5.22,1.39,11.07
Tennessee Tech,13,94.8,171,128,115,60,65,567,29,2,1,26,13,16,3,34,11,12,4,5,0,1,1.69,3.05,2.29,2.05,1.07,1.16,10.12,0.52,0.04,0.02,0.46,0.23,0.29,0.05,0.61,0.2,0.21,0.07,0.09,0.0,0.02,10.92,2.44,6.17
Texas,21,171.1,151,93,82,62,233,783,38,2,0,23,15,21,0,43,14,3,2,62,0,2,2.01,1.78,1.09,0.96,0.73,2.74,9.21,0.45,0.02,0.0,0.27,0.18,0.25,0.0,0.51,0.16,0.04,0.02,0.73,0.0,0.02,4.31,1.24,12.26
Texas A&M,18,143.6,181,117,105,56,159,699,28,0,1,30,8,17,1,39,21,2,4,46,0,3,2.08,2.62,1.7,1.52,0.81,2.3,10.13,0.41,0.0,0.01,0.43,0.12,0.25,0.01,0.57,0.3,0.03,0.06,0.67,0.0,0.04,6.58,1.65,9.97
Texas Southern,3,22.9,28,20,17,21,30,128,3,1,2,3,2,8,0,0,0,3,0,8,0,0,2.29,2.8,2.0,1.7,2.1,3.0,12.8,0.3,0.1,0.2,0.3,0.2,0.8,0.0,0.0,0.0,0.3,0.0,0.8,0.0,0.0,6.68,2.14,11.79
Texas St.,56,452.4,495,335,289,229,510,2208,113,7,1,65,58,82,6,33,18,24,18,121,0,7,1.8,1.97,1.33,1.15,0.91,2.03,8.8,0.45,0.03,0.0,0.26,0.23,0.33,0.02,0.13,0.07,0.1,0.07,0.48,0.0,0.03,5.75,1.6,10.15
Texas Tech,17,123.4,168,132,111,76,132,675,22,2,1,35,9,29,1,39,18,4,6,37,0,1,1.5,2.05,1.61,1.35,0.93,1.61,8.23,0.27,0.02,0.01,0.43,0.11,0.35,0.01,0.48,0.22,0.05,0.07,0.45,0.0,0.01,8.1,1.98,9.63
The Citadel,16,124.2,131,91,83,80,121,631,26,4,2,19,18,26,0,31,13,8,8,36,0,3,1.91,2.02,1.4,1.28,1.23,1.86,9.71,0.4,0.06,0.03,0.29,0.28,0.4,0.0,0.48,0.2,0.12,0.12,0.55,0.0,0.05,6.01,1.7,8.77
Tiffin,1,8.1,9,7,7,6,5,40,2,0,0,1,3,0,0,0,0,0,1,2,0,1,0.81,0.9,0.7,0.7,0.6,0.5,4.0,0.2,0.0,0.0,0.1,0.3,0.0,0.0,0.0,0.0,0.0,0.1,0.2,0.0,0.1,7.78,1.85,5.56
Toledo,19,147.5,159,113,102,90,160,730,32,2,3,14,28,26,1,2,2,6,5,48,0,3,2.27,2.45,1.74,1.57,1.38,2.46,11.23,0.49,0.03,0.05,0.22,0.43,0.4,0.02,0.03,0.03,0.09,0.08,0.74,0.0,0.05,6.22,1.69,9.76
Tougaloo,3,18.6,42,51,46,26,7,131,11,2,0,1,1,8,0,0,0,1,2,1,0,2,2.33,5.25,6.38,5.75,3.25,0.88,16.38,1.38,0.25,0.0,0.12,0.12,1.0,0.0,0.0,0.0,0.12,0.25,0.12,0.0,0.25,22.26,3.66,3.39
Towson,9,72.5,85,59,54,54,83,384,9,6,0,14,5,16,3,0,0,3,1,19,0,0,2.79,3.27,2.27,2.08,2.08,3.19,14.77,0.35,0.23,0.0,0.54,0.19,0.62,0.12,0.0,0.0,0.12,0.04,0.73,0.0,0.0,6.7,1.92,10.3
Troy,56,440.1,508,335,303,229,487,2186,102,7,1,63,53,66,2,116,56,20,26,108,0,5,1.97,2.28,1.5,1.36,1.03,2.18,9.8,0.46,0.03,0.0,0.28,0.24,0.3,0.01,0.52,0.25,0.09,0.12,0.48,0.0,0.02,6.2,1.67,9.96
Tulane,55,415.1,522,342,310,259,444,2217,113,2,2,58,43,63,11,210,86,23,21,82,0,4,1.54,1.94,1.27,1.15,0.96,1.65,8.24,0.42,0.01,0.01,0.22,0.16,0.23,0.04,0.78,0.32,0.09,0.08,0.3,0.0,0.01,6.72,1.88,9.63
UAB,30,239.5,314,246,215,144,188,1257,67,6,0,46,16,33,0,81,43,20,16,48,0,6,1.66,2.18,1.71,1.49,1.0,1.31,8.73,0.47,0.04,0.0,0.32,0.11,0.23,0.0,0.56,0.3,0.14,0.11,0.33,0.0,0.04,8.08,1.91,7.06
UAlbany,2,15.6,16,18,14,16,21,81,3,2,0,2,4,2,0,3,3,0,2,6,0,1,2.23,2.29,2.57,2.0,2.29,3.0,11.57,0.43,0.29,0.0,0.29,0.57,0.29,0.0,0.43,0.43,0.0,0.29,0.86,0.0,0.14,8.08,2.05,12.12
UC Davis,22,184.5,214,113,92,85,161,865,37,7,1,12,15,17,4,31,11,13,10,41,0,4,1.9,2.21,1.16,0.95,0.88,1.66,8.92,0.38,0.07,0.01,0.12,0.15,0.18,0.04,0.32,0.11,0.13,0.1,0.42,0.0,0.04,4.49,1.62,7.85
UC Irvine,47,379.1,415,273,237,155,401,1841,83,15,4,32,41,61,1,112,55,34,21,126,0,13,2.05,2.24,1.48,1.28,0.84,2.17,9.95,0.45,0.08,0.02,0.17,0.22,0.33,0.01,0.61,0.3,0.18,0.11,0.68,0.0,0.07,5.63,1.5,9.52
UC Riverside,52,406.1,565,418,371,270,303,2240,115,9,6,46,57,92,11,61,42,32,32,77,0,8,1.43,1.99,1.47,1.31,0.95,1.07,7.89,0.4,0.03,0.02,0.16,0.2,0.32,0.04,0.21,0.15,0.11,0.11,0.27,0.0,0.03,8.22,2.06,6.72
UC San Diego,20,162.9,205,133,111,66,164,806,49,1,2,19,12,26,1,32,12,10,11,30,0,5,2.04,2.56,1.66,1.39,0.82,2.05,10.07,0.61,0.01,0.02,0.24,0.15,0.32,0.01,0.4,0.15,0.12,0.14,0.38,0.0,0.06,6.13,1.66,9.06
UC Santa Barbara,26,211.2,192,98,88,90,263,977,31,3,2,23,21,20,2,33,10,10,6,67,0,5,2.32,2.11,1.08,0.97,0.99,2.89,10.74,0.34,0.03,0.02,0.25,0.23,0.22,0.02,0.36,0.11,0.11,0.07,0.74,0.0,0.05,3.75,1.34,11.21
UCF,51,405.3,391,237,212,190,392,1965,58,2,5,52,33,68,4,178,72,17,22,68,0,11,1.79,1.73,1.05,0.94,0.84,1.73,8.69,0.26,0.01,0.02,0.23,0.15,0.3,0.02,0.79,0.32,0.08,0.1,0.3,0.0,0.05,4.71,1.43,8.7
UCLA,16,128.3,102,55,51,49,156,587,18,3,1,14,12,13,1,41,11,2,1,34,0,1,1.39,1.11,0.6,0.55,0.53,1.7,6.38,0.2,0.03,0.01,0.15,0.13,0.14,0.01,0.45,0.12,0.02,0.01,0.37,0.0,0.01,3.58,1.18,10.94
UConn,8,66.4,59,28,24,25,94,295,4,1,0,3,5,4,0,6,4,5,1,15,0,0,3.16,2.81,1.33,1.14,1.19,4.48,14.05,0.19,0.05,0.0,0.14,0.24,0.19,0.0,0.29,0.19,0.24,0.05,0.71,0.0,0.0,3.25,1.27,12.74
UIC,15,114.3,162,118,107,50,113,607,40,3,0,30,17,19,0,10,6,5,6,37,0,0,1.61,2.28,1.66,1.51,0.7,1.59,8.55,0.56,0.04,0.0,0.42,0.24,0.27,0.0,0.14,0.08,0.07,0.08,0.52,0.0,0.0,8.43,1.85,8.9
UIW,7,59.2,54,38,36,30,39,272,13,1,1,13,6,6,1,7,3,5,1,10,0,0,2.28,2.08,1.46,1.38,1.15,1.5,10.46,0.5,0.04,0.04,0.5,0.23,0.23,0.04,0.27,0.12,0.19,0.04,0.38,0.0,0.0,5.47,1.42,5.93
ULM,48,381.1,487,324,297,232,396,1990,86,10,3,53,44,73,11,88,36,24,23,71,0,3,2.08,2.66,1.77,1.62,1.27,2.16,10.87,0.47,0.05,0.02,0.29,0.24,0.4,0.06,0.48,0.2,0.13,0.13,0.39,0.0,0.02,7.01,1.89,9.35
UMBC,1,7.0,6,4,4,6,4,35,0,1,0,0,0,3,0,0,0,1,0,2,0,0,1.75,1.5,1.0,1.0,1.5,1.0,8.75,0.0,0.25,0.0,0.0,0.0,0.75,0.0,0.0,0.0,0.25,0.0,0.5,0.0,0.0,5.14,1.71,5.14
UMES,7,49.9,68,78,70,59,38,308,18,1,0,7,9,14,0,0,0,2,3,12,0,1,1.92,2.62,3.0,2.69,2.27,1.46,11.85,0.69,0.04,0.0,0.27,0.35,0.54,0.0,0.0,0.0,0.08,0.12,0.46,0.0,0.04,12.63,2.55,6.85
UMass Lowell,1,8.3,9,10,1,4,6,43,1,0,0,3,0,2,0,0,0,1,0,1,0,0,2.08,2.25,2.5,0.25,1.0,1.5,10.75,0.25,0.0,0.0,0.75,0.0,0.5,0.0,0.0,0.0,0.25,0.0,0.25,0.0,0.0,1.08,1.57,6.51
UNC Asheville,52,406.8,535,425,374,279,335,2179,136,16,4,47,49,88,8,116,50,23,29,91,0,3,2.32,3.06,2.43,2.14,1.59,1.91,12.45,0.78,0.09,0.02,0.27,0.28,0.5,0.05,0.66,0.29,0.13,0.17,0.52,0.0,0.02,8.27,2.0,7.41
UNC Greensboro,14,109.9,137,105,90,74,101,576,31,6,0,14,8,29,0,35,24,6,8,19,0,5,1.86,2.32,1.78,1.53,1.25,1.71,9.76,0.53,0.1,0.0,0.24,0.14,0.49,0.0,0.59,0.41,0.1,0.14,0.32,0.0,0.08,7.37,1.92,8.27
UNCW,19,149.7,147,101,93,81,171,727,24,1,1,16,19,20,1,40,21,3,8,18,0,0,1.76,1.73,1.19,1.09,0.95,2.01,8.55,0.28,0.01,0.01,0.19,0.22,0.24,0.01,0.47,0.25,0.04,0.09,0.21,0.0,0.0,5.59,1.52,10.28
UNLV,52,411.3,524,396,364,274,498,2163,115,16,14,40,73,81,0,99,47,17,26,90,0,14,2.0,2.54,1.92,1.77,1.33,2.42,10.5,0.56,0.08,0.07,0.19,0.35,0.39,0.0,0.48,0.23,0.08,0.13,0.44,0.0,0.07,7.96,1.94,10.9
USC Upstate,16,133.9,142,87,78,70,108,635,31,1,1,17,12,20,0,30,12,6,2,21,0,6,2.0,2.12,1.3,1.16,1.04,1.61,9.48,0.46,0.01,0.01,0.25,0.18,0.3,0.0,0.45,0.18,0.09,0.03,0.31,0.0,0.09,5.24,1.58,7.26
UT Arlington,17,136.5,176,115,103,57,111,689,36,4,1,20,13,19,1,32,17,6,10,16,0,1,2.04,2.63,1.72,1.54,0.85,1.66,10.28,0.54,0.06,0.01,0.3,0.19,0.28,0.01,0.48,0.25,0.09,0.15,0.24,0.0,0.01,6.79,1.71,7.32
UT Martin,13,105.7,151,123,99,54,85,571,23,0,0,28,15,20,0,27,17,5,4,28,0,0,2.11,3.02,2.46,1.98,1.08,1.7,11.42,0.46,0.0,0.0,0.56,0.3,0.4,0.0,0.54,0.34,0.1,0.08,0.56,0.0,0.0,8.43,1.94,7.24
UTRGV,18,147.7,187,131,111,71,143,733,33,4,1,10,23,24,1,29,21,4,12,32,0,2,2.0,2.53,1.77,1.5,0.96,1.93,9.91,0.45,0.05,0.01,0.14,0.31,0.32,0.01,0.39,0.28,0.05,0.16,0.43,0.0,0.03,6.76,1.75,8.71
UTSA,14,107.2,117,64,53,44,103,513,20,3,0,16,9,9,1,15,6,4,3,21,0,0,2.14,2.34,1.28,1.06,0.88,2.06,10.26,0.4,0.06,0.0,0.32,0.18,0.18,0.02,0.3,0.12,0.08,0.06,0.42,0.0,0.0,4.45,1.5,8.65
Utah,50,390.7,534,360,321,205,370,2056,105,12,1,79,29,51,7,123,53,15,19,68,0,5,1.74,2.38,1.61,1.43,0.92,1.65,9.18,0.47,0.05,0.0,0.35,0.13,0.23,0.03,0.55,0.24,0.07,0.08,0.3,0.0,0.02,7.39,1.89,8.52
Utah Tech,19,140.4,189,108,101,61,143,719,34,2,3,21,13,17,3,38,13,3,5,51,0,2,1.54,2.08,1.19,1.11,0.67,1.57,7.9,0.37,0.02,0.03,0.23,0.14,0.19,0.03,0.42,0.14,0.03,0.05,0.56,0.0,0.02,6.47,1.78,9.17
Utah Valley,29,223.3,282,254,225,168,208,1215,75,2,2,40,43,47,7,78,47,9,11,34,0,3,1.62,2.04,1.84,1.63,1.22,1.51,8.8,0.54,0.01,0.01,0.29,0.31,0.34,0.05,0.57,0.34,0.07,0.08,0.25,0.0,0.02,9.07,2.02,8.38
VCU,12,104.0,97,63,51,60,102,496,13,1,2,14,8,19,3,16,7,4,7,16,0,0,2.26,2.11,1.37,1.11,1.3,2.22,10.78,0.28,0.02,0.04,0.3,0.17,0.41,0.07,0.35,0.15,0.09,0.15,0.35,0.0,0.0,4.41,1.51,8.83
VMI,11,76.2,118,102,94,48,60,444,27,2,1,28,15,17,2,20,9,7,5,11,0,0,1.73,2.68,2.32,2.14,1.09,1.36,10.09,0.61,0.05,0.02,0.64,0.34,0.39,0.05,0.45,0.2,0.16,0.11,0.25,0.0,0.0,11.1,2.18,7.09
Valparaiso,47,369.7,516,345,294,166,294,1870,105,6,2,50,34,52,0,47,29,15,24,88,0,2,2.19,3.05,2.04,1.74,0.98,1.74,11.07,0.62,0.04,0.01,0.3,0.2,0.31,0.0,0.28,0.17,0.09,0.14,0.52,0.0,0.01,7.16,1.84,7.16
Vanderbilt,21,172.8,166,127,118,108,201,848,37,2,1,17,18,40,3,59,29,4,9,42,0,2,1.88,1.8,1.38,1.28,1.17,2.18,9.22,0.4,0.02,0.01,0.18,0.2,0.43,0.03,0.64,0.32,0.04,0.1,0.46,0.0,0.02,6.15,1.59,10.47
Villanova,10,82.6,84,68,60,49,76,417,16,3,0,11,7,21,1,3,0,5,5,24,0,0,1.84,1.87,1.51,1.33,1.09,1.69,9.27,0.36,0.07,0.0,0.24,0.16,0.47,0.02,0.07,0.0,0.11,0.11,0.53,0.0,0.0,6.54,1.61,8.28
Virginia,53,416.4,443,313,256,231,506,2086,82,8,3,51,44,55,1,84,41,18,20,79,0,5,1.76,1.87,1.32,1.08,0.97,2.14,8.8,0.35,0.03,0.01,0.22,0.19,0.23,0.0,0.35,0.17,0.08,0.08,0.33,0.0,0.02,5.53,1.62,10.94
Virginia Tech,12,91.8,102,89,82,68,126,486,21,2,3,14,8,17,1,45,26,4,3,21,0,0,1.48,1.65,1.44,1.32,1.1,2.03,7.84,0.34,0.03,0.05,0.23,0.13,0.27,0.02,0.73,0.42,0.06,0.05,0.34,0.0,0.0,8.04,1.85,12.35
Wagner,10,76.6,116,111,69,73,70,463,21,1,3,10,20,23,1,12,7,5,2,16,0,3,1.78,2.7,2.58,1.6,1.7,1.63,10.77,0.49,0.02,0.07,0.23,0.47,0.53,0.02,0.28,0.16,0.12,0.05,0.37,0.0,0.07,8.11,2.47,8.22
Wake Forest,12,90.0,73,57,45,54,128,436,14,4,1,11,9,18,2,30,10,1,1,15,0,1,1.76,1.43,1.12,0.88,1.06,2.51,8.55,0.27,0.08,0.02,0.22,0.18,0.35,0.04,0.59,0.2,0.02,0.02,0.29,0.0,0.02,4.5,1.41,12.8
Washburn,1,7.3,14,14,13,10,5,47,3,0,0,1,2,0,1,5,5,2,1,1,0,0,0.91,1.75,1.75,1.62,1.25,0.62,5.88,0.38,0.0,0.0,0.12,0.25,0.0,0.12,0.62,0.62,0.25,0.12,0.12,0.0,0.0,16.03,3.29,6.16
Washington,28,228.2,247,154,143,100,220,1076,56,3,1,32,11,25,4,38,18,18,10,68,0,4,2.45,2.66,1.66,1.54,1.08,2.37,11.57,0.6,0.03,0.01,0.34,0.12,0.27,0.04,0.41,0.19,0.19,0.11,0.73,0.0,0.04,5.64,1.52,8.68
Washington St.,28,214.7,296,198,178,122,171,1124,62,5,0,30,28,31,2,72,45,12,12,33,0,10,1.59,2.19,1.47,1.32,0.9,1.27,8.33,0.46,0.04,0.0,0.22,0.21,0.23,0.01,0.53,0.33,0.09,0.09,0.24,0.0,0.07,7.46,1.95,7.17
West Chester,1,7.6,12,10,10,8,8,49,3,1,0,2,0,2,0,1,0,0,0,5,0,0,1.27,2.0,1.67,1.67,1.33,1.33,8.17,0.5,0.17,0.0,0.33,0.0,0.33,0.0,0.17,0.0,0.0,0.0,0.83,0.0,0.0,11.84,2.63,9.47
West Ga.,25,192.7,273,208,200,129,144,1053,50,2,3,38,32,35,4,38,14,9,15,24,0,2,1.82,2.58,1.96,1.89,1.22,1.36,9.93,0.47,0.02,0.03,0.36,0.3,0.33,0.04,0.36,0.13,0.08,0.14,0.23,0.0,0.02,9.34,2.09,6.73
West Virginia,13,108.3,100,55,43,42,133,496,12,1,0,12,9,17,2,25,11,3,1,28,0,0,2.3,2.13,1.17,0.91,0.89,2.83,10.55,0.26,0.02,0.0,0.26,0.19,0.36,0.04,0.53,0.23,0.06,0.02,0.6,0.0,0.0,3.57,1.31,11.05
Westcliff,1,9.2,7,7,5,8,3,44,2,0,0,1,0,1,0,6,2,0,0,1,0,0,1.31,1.0,1.0,0.71,1.14,0.43,6.29,0.29,0.0,0.0,0.14,0.0,0.14,0.0,0.86,0.29,0.0,0.0,0.14,0.0,0.0,4.89,1.63,2.93
Western Caro.,13,110.1,108,59,54,36,101,494,19,1,1,18,4,15,0,23,9,3,5,32,0,2,2.04,2.0,1.09,1.0,0.67,1.87,9.15,0.35,0.02,0.02,0.33,0.07,0.28,0.0,0.43,0.17,0.06,0.09,0.59,0.0,0.04,4.41,1.31,8.26
Western Ill.,24,196.5,251,192,178,125,201,1025,56,3,3,22,23,33,3,22,11,15,15,46,0,2,1.69,2.16,1.66,1.53,1.08,1.73,8.84,0.48,0.03,0.03,0.19,0.2,0.28,0.03,0.19,0.09,0.13,0.13,0.4,0.0,0.02,8.15,1.91,9.21
Western Ky.,23,186.1,257,170,153,69,183,958,63,4,2,25,22,32,2,82,35,18,14,35,0,7,1.81,2.5,1.65,1.49,0.67,1.78,9.3,0.61,0.04,0.02,0.24,0.21,0.31,0.02,0.8,0.34,0.17,0.14,0.34,0.0,0.07,7.4,1.75,8.85
Western Mich.,24,185.4,213,152,137,128,166,954,38,3,2,29,15,39,4,38,20,9,11,48,0,3,1.8,2.07,1.48,1.33,1.24,1.61,9.26,0.37,0.03,0.02,0.28,0.15,0.38,0.04,0.37,0.19,0.09,0.11,0.47,0.0,0.03,6.65,1.84,8.06
Wichita St.,55,421.4,481,315,254,221,480,2137,93,14,5,38,37,53,2,144,68,33,16,72,0,10,1.82,2.08,1.36,1.1,0.96,2.08,9.25,0.4,0.06,0.02,0.16,0.16,0.23,0.01,0.62,0.29,0.14,0.07,0.31,0.0,0.04,5.42,1.67,10.25
William & Mary,1,7.3,8,9,9,8,2,43,1,1,1,2,0,5,0,3,1,0,0,0,0,1,1.83,2.0,2.25,2.25,2.0,0.5,10.75,0.25,0.25,0.25,0.5,0.0,1.25,0.0,0.75,0.25,0.0,0.0,0.0,0.0,0.25,11.1,2.19,2.47
Winthrop,13,101.2,118,80,67,57,71,512,26,1,2,13,10,24,1,39,14,6,9,16,0,1,2.02,2.36,1.6,1.34,1.14,1.42,10.24,0.52,0.02,0.04,0.26,0.2,0.48,0.02,0.78,0.28,0.12,0.18,0.32,0.0,0.02,5.96,1.73,6.31
Wofford,53,422.8,462,272,227,165,436,1994,89,10,2,44,37,51,3,63,31,12,22,123,0,10,2.12,2.32,1.37,1.14,0.83,2.19,10.02,0.45,0.05,0.01,0.22,0.19,0.26,0.02,0.32,0.16,0.06,0.11,0.62,0.0,0.05,4.83,1.48,9.28
Wright St.,13,101.6,105,75,68,69,98,498,23,0,2,14,9,8,1,39,17,5,6,28,0,1,1.88,1.94,1.39,1.26,1.28,1.81,9.22,0.43,0.0,0.04,0.26,0.17,0.15,0.02,0.72,0.31,0.09,0.11,0.52,0.0,0.02,6.02,1.71,8.68
Xavier,16,124.6,161,120,115,77,129,664,28,3,2,23,18,27,2,36,6,8,5,33,0,4,1.78,2.3,1.71,1.64,1.1,1.84,9.49,0.4,0.04,0.03,0.33,0.26,0.39,0.03,0.51,0.09,0.11,0.07,0.47,0.0,0.06,8.31,1.91,9.32
Yale,7,58.2,53,30,29,21,64,263,11,2,0,4,5,9,1,0,0,0,0,16,0,0,3.06,2.79,1.58,1.53,1.11,3.37,13.84,0.58,0.11,0.0,0.21,0.26,0.47,0.05,0.0,0.0,0.0,0.0,0.84,0.0,0.0,4.48,1.27,9.9
Youngstown St.,20,146.9,191,176,139,100,121,805,45,4,1,22,25,32,4,26,17,16,15,25,0,1,1.88,2.45,2.26,1.78,1.28,1.55,10.32,0.58,0.05,0.01,0.28,0.32,0.41,0.05,0.33,0.22,0.21,0.19,0.32,0.0,0.01,8.52,1.98,7.41
