team,G,R,AB,H,2B,3B,TB,HR,RBI,BB,HBP,SF,SH,K,OPP DP,CS,Picked,SB,IBB,KL,R_mean,AB_mean,H_mean,2B_mean,3B_mean,TB_mean,HR_mean,RBI_mean,BB_mean,HBP_mean,SF_mean,SH_mean,K_mean,OPP DP_mean,CS_mean,Picked_mean,SB_mean,IBB_mean,KL_mean,PA,BA,OBP,SLG,OPS,K_rate,BB_rate
A&M-Corpus Christi,12,64,399,92,16,1,134,8,53,44,21,1,9,100,8,4,2,16,1,7,0.49,3.05,0.7,0.12,0.01,1.02,0.06,0.4,0.34,0.16,0.01,0.07,0.76,0.06,0.03,0.02,0.12,0.01,0.05,475,0.23,0.33,0.34,0.67,0.21,0.09
Abilene Christian,39,269,1321,370,77,2,640,63,255,215,66,10,17,392,20,6,3,19,11,99,0.63,3.11,0.87,0.18,0.0,1.51,0.15,0.6,0.51,0.16,0.02,0.04,0.92,0.05,0.01,0.01,0.04,0.03,0.23,1640,0.28,0.4,0.48,0.88,0.24,0.14
Air Force,24,239,818,268,65,7,449,34,212,106,42,9,0,173,16,11,6,63,3,44,0.91,3.12,1.02,0.25,0.03,1.71,0.13,0.81,0.4,0.16,0.03,0.0,0.66,0.06,0.04,0.02,0.24,0.01,0.17,978,0.33,0.43,0.55,0.98,0.18,0.11
Akron,33,184,1054,270,48,2,415,31,166,163,57,7,18,256,20,16,4,73,5,76,0.51,2.94,0.75,0.13,0.01,1.16,0.09,0.46,0.45,0.16,0.02,0.05,0.71,0.06,0.04,0.01,0.2,0.01,0.21,1304,0.26,0.38,0.39,0.77,0.2,0.13
Alabama,31,196,1012,259,57,5,440,38,186,143,52,14,11,263,17,5,3,42,6,73,0.62,3.22,0.82,0.18,0.02,1.4,0.12,0.59,0.46,0.17,0.04,0.04,0.84,0.05,0.02,0.01,0.13,0.02,0.23,1238,0.26,0.37,0.43,0.8,0.21,0.12
Alabama A&M,11,76,360,98,19,1,131,4,66,73,17,6,2,91,11,5,2,13,1,23,0.65,3.08,0.84,0.16,0.01,1.12,0.03,0.56,0.62,0.15,0.05,0.02,0.78,0.09,0.04,0.02,0.11,0.01,0.2,459,0.27,0.41,0.36,0.77,0.2,0.16
Alabama St.,10,50,311,75,15,0,99,3,43,40,15,1,4,83,7,5,2,6,0,27,0.48,2.96,0.71,0.14,0.0,0.94,0.03,0.41,0.38,0.14,0.01,0.04,0.79,0.07,0.05,0.02,0.06,0.0,0.26,371,0.24,0.35,0.32,0.6699999999999999,0.22,0.11
Alcorn,48,245,1460,359,59,10,477,13,213,200,87,9,16,396,26,24,16,89,0,95,0.44,2.63,0.65,0.11,0.02,0.86,0.02,0.38,0.36,0.16,0.02,0.03,0.71,0.05,0.04,0.03,0.16,0.0,0.17,1772,0.25,0.36,0.33,0.69,0.22,0.11
App State,41,322,1411,439,85,10,628,28,291,193,69,31,31,266,34,14,6,43,7,77,0.75,3.3,1.03,0.2,0.02,1.47,0.07,0.68,0.45,0.16,0.07,0.07,0.62,0.08,0.03,0.01,0.1,0.02,0.18,1742,0.31,0.4,0.45,0.8500000000000001,0.15,0.11
Arizona,16,91,538,128,27,5,213,16,81,72,12,7,3,145,12,4,0,14,1,24,0.55,3.26,0.78,0.16,0.03,1.29,0.1,0.49,0.44,0.07,0.04,0.02,0.88,0.07,0.02,0.0,0.08,0.01,0.15,633,0.24,0.33,0.4,0.73,0.23,0.12
Arizona St.,20,173,718,225,40,2,395,42,165,99,42,7,3,129,27,6,3,17,5,17,0.77,3.18,1.0,0.18,0.01,1.75,0.19,0.73,0.44,0.19,0.03,0.01,0.57,0.12,0.03,0.01,0.08,0.02,0.08,874,0.31,0.42,0.55,0.97,0.15,0.12
Ark.-Pine Bluff,6,53,179,61,9,4,81,1,47,44,9,4,1,33,5,4,2,6,0,8,0.76,2.56,0.87,0.13,0.06,1.16,0.01,0.67,0.63,0.13,0.06,0.01,0.47,0.07,0.06,0.03,0.09,0.0,0.11,237,0.34,0.48,0.45,0.9299999999999999,0.14,0.19
Arkansas,55,402,1839,507,102,6,885,88,368,283,42,24,8,515,35,12,5,80,6,137,0.7,3.2,0.88,0.18,0.01,1.54,0.15,0.64,0.49,0.07,0.04,0.01,0.9,0.06,0.02,0.01,0.14,0.01,0.24,2202,0.28,0.38,0.48,0.86,0.23,0.13
Arkansas St.,24,147,813,213,44,2,384,41,134,86,33,8,12,231,20,9,2,21,3,55,0.56,3.08,0.81,0.17,0.01,1.45,0.16,0.51,0.33,0.12,0.03,0.05,0.88,0.08,0.03,0.01,0.08,0.01,0.21,955,0.26,0.35,0.47,0.82,0.24,0.09
Army West Point,1,9,35,9,1,0,19,3,8,7,1,0,1,10,0,0,0,2,0,2,1.0,3.89,1.0,0.11,0.0,2.11,0.33,0.89,0.78,0.11,0.0,0.11,1.11,0.0,0.0,0.0,0.22,0.0,0.22,44,0.26,0.39,0.54,0.93,0.23,0.16
Auburn,53,372,1764,531,90,4,833,68,345,231,59,23,15,392,35,17,3,73,6,90,0.66,3.15,0.95,0.16,0.01,1.49,0.12,0.62,0.41,0.11,0.04,0.03,0.7,0.06,0.03,0.01,0.13,0.01,0.16,2098,0.3,0.39,0.47,0.86,0.19,0.11
Austin Peay,10,61,324,75,14,2,102,3,55,56,15,5,6,89,6,4,0,18,0,13,0.61,3.24,0.75,0.14,0.02,1.02,0.03,0.55,0.56,0.15,0.05,0.06,0.89,0.06,0.04,0.0,0.18,0.0,0.13,406,0.23,0.36,0.31,0.6699999999999999,0.22,0.14
BYU,16,103,567,168,36,4,263,17,90,71,21,3,1,143,15,2,2,16,0,16,0.63,3.48,1.03,0.22,0.02,1.61,0.1,0.55,0.44,0.13,0.02,0.01,0.88,0.09,0.01,0.01,0.1,0.0,0.1,663,0.3,0.39,0.46,0.8500000000000001,0.22,0.11
Ball St.,31,250,1093,333,54,12,546,45,230,125,41,15,3,215,16,13,2,52,0,46,0.59,2.6,0.79,0.13,0.03,1.3,0.11,0.55,0.3,0.1,0.04,0.01,0.51,0.04,0.03,0.0,0.12,0.0,0.11,1277,0.3,0.39,0.5,0.89,0.17,0.1
Baylor,16,102,510,141,26,5,243,22,93,85,30,4,8,158,15,4,5,22,4,31,0.57,2.85,0.79,0.15,0.03,1.36,0.12,0.52,0.47,0.17,0.02,0.04,0.88,0.08,0.02,0.03,0.12,0.02,0.17,641,0.28,0.4,0.48,0.88,0.25,0.14
Bellarmine,4,31,139,47,8,1,69,4,28,23,5,1,1,27,5,1,2,6,1,6,0.58,2.62,0.89,0.15,0.02,1.3,0.08,0.53,0.43,0.09,0.02,0.02,0.51,0.09,0.02,0.04,0.11,0.02,0.11,170,0.34,0.44,0.5,0.94,0.16,0.14
Belmont,12,72,423,113,30,1,181,12,70,48,11,6,2,96,6,2,0,13,3,21,0.55,3.2,0.86,0.23,0.01,1.37,0.09,0.53,0.36,0.08,0.05,0.02,0.73,0.05,0.02,0.0,0.1,0.02,0.16,493,0.27,0.35,0.43,0.78,0.19,0.1
Bethune-Cookman,11,98,354,113,22,4,173,10,86,65,23,9,7,81,8,5,2,19,2,21,0.81,2.93,0.93,0.18,0.03,1.43,0.08,0.71,0.54,0.19,0.07,0.06,0.67,0.07,0.04,0.02,0.16,0.02,0.17,460,0.32,0.44,0.49,0.9299999999999999,0.18,0.15
Binghamton,3,14,102,21,2,0,35,4,10,14,6,1,1,25,2,0,0,0,1,8,0.4,2.91,0.6,0.06,0.0,1.0,0.11,0.29,0.4,0.17,0.03,0.03,0.71,0.06,0.0,0.0,0.0,0.03,0.23,125,0.21,0.33,0.34,0.67,0.2,0.12
Boston College,16,103,506,131,28,4,203,12,92,76,20,8,13,120,9,6,5,44,1,14,0.57,2.8,0.72,0.15,0.02,1.12,0.07,0.51,0.42,0.11,0.04,0.07,0.66,0.05,0.03,0.03,0.24,0.01,0.08,624,0.26,0.36,0.4,0.76,0.19,0.12
Bowling Green,47,225,1526,366,68,9,566,38,207,162,71,16,22,423,24,25,6,85,0,102,0.48,3.27,0.78,0.15,0.02,1.21,0.08,0.44,0.35,0.15,0.03,0.05,0.91,0.05,0.05,0.01,0.18,0.0,0.22,1797,0.24,0.33,0.37,0.7,0.24,0.09
Bradley,56,290,1808,459,84,5,676,41,251,227,122,13,31,546,35,34,7,98,0,153,0.48,3.0,0.76,0.14,0.01,1.12,0.07,0.42,0.38,0.2,0.02,0.05,0.91,0.06,0.06,0.01,0.16,0.0,0.25,2201,0.25,0.37,0.37,0.74,0.25,0.1
Brown,37,224,1247,327,60,8,478,25,205,152,65,12,9,279,17,15,9,59,1,71,0.61,3.42,0.9,0.16,0.02,1.31,0.07,0.56,0.42,0.18,0.03,0.02,0.76,0.05,0.04,0.02,0.16,0.0,0.19,1486,0.26,0.37,0.38,0.75,0.19,0.1
Bryant,1,0,29,6,0,0,6,0,0,5,0,0,0,6,0,1,0,2,0,3,0.0,2.23,0.46,0.0,0.0,0.46,0.0,0.0,0.38,0.0,0.0,0.0,0.46,0.0,0.08,0.0,0.15,0.0,0.23,34,0.21,0.32,0.21,0.53,0.18,0.15
Bucknell,4,25,130,34,6,0,52,4,25,28,5,2,0,34,4,0,0,0,1,12,0.53,2.77,0.72,0.13,0.0,1.11,0.09,0.53,0.6,0.11,0.04,0.0,0.72,0.09,0.0,0.0,0.0,0.02,0.26,166,0.26,0.4,0.4,0.8,0.2,0.17
Butler,50,281,1634,397,53,7,623,53,255,194,63,10,20,490,22,13,8,61,0,130,0.47,2.76,0.67,0.09,0.01,1.05,0.09,0.43,0.33,0.11,0.02,0.03,0.83,0.04,0.02,0.01,0.1,0.0,0.22,1921,0.24,0.34,0.38,0.72,0.26,0.1
CSU Bakersfield,55,345,1802,465,99,11,688,34,307,239,114,19,20,470,32,36,25,81,2,138,0.47,2.45,0.63,0.13,0.01,0.94,0.05,0.42,0.33,0.16,0.03,0.03,0.64,0.04,0.05,0.03,0.11,0.0,0.19,2196,0.26,0.37,0.38,0.75,0.21,0.11
CSUN,25,160,875,254,46,9,435,39,153,86,35,18,18,204,23,8,4,15,5,53,0.58,3.15,0.91,0.17,0.03,1.56,0.14,0.55,0.31,0.13,0.06,0.06,0.73,0.08,0.03,0.01,0.05,0.02,0.19,1037,0.29,0.36,0.5,0.86,0.2,0.09
Cal Poly,41,285,1477,459,111,10,716,42,257,146,41,21,19,281,34,9,3,14,0,62,0.63,3.25,1.01,0.24,0.02,1.57,0.09,0.56,0.32,0.09,0.05,0.04,0.62,0.07,0.02,0.01,0.03,0.0,0.14,1704,0.31,0.38,0.48,0.86,0.16,0.09
Cal St. Fullerton,19,105,613,162,39,3,243,12,86,62,26,10,15,157,18,7,0,12,3,35,0.53,3.08,0.81,0.2,0.02,1.22,0.06,0.43,0.31,0.13,0.05,0.08,0.79,0.09,0.04,0.0,0.06,0.02,0.18,729,0.26,0.34,0.4,0.74,0.22,0.09
Cal State LA,1,3,33,7,1,0,8,0,2,4,0,0,0,10,0,1,0,0,0,4,0.27,3.0,0.64,0.09,0.0,0.73,0.0,0.18,0.36,0.0,0.0,0.0,0.91,0.0,0.09,0.0,0.0,0.0,0.36,37,0.21,0.3,0.24,0.54,0.27,0.11
California,9,57,305,85,19,2,144,12,55,27,10,6,2,78,9,3,3,7,0,19,0.68,3.63,1.01,0.23,0.02,1.71,0.14,0.65,0.32,0.12,0.07,0.02,0.93,0.11,0.04,0.04,0.08,0.0,0.23,350,0.28,0.35,0.47,0.82,0.22,0.08
California Baptist,53,394,1861,586,124,6,941,73,359,217,56,29,25,381,44,33,3,81,3,95,0.63,2.97,0.94,0.2,0.01,1.5,0.12,0.57,0.35,0.09,0.05,0.04,0.61,0.07,0.05,0.0,0.13,0.0,0.15,2191,0.31,0.39,0.51,0.9,0.17,0.1
Campbell,15,105,516,141,38,2,240,19,99,69,20,7,4,141,12,6,4,17,1,20,0.59,2.9,0.79,0.21,0.01,1.35,0.11,0.56,0.39,0.11,0.04,0.02,0.79,0.07,0.03,0.02,0.1,0.01,0.11,617,0.27,0.37,0.47,0.84,0.23,0.11
Canisius,42,249,1399,370,60,12,550,32,234,180,90,26,15,348,18,15,5,78,1,80,0.52,2.93,0.77,0.13,0.03,1.15,0.07,0.49,0.38,0.19,0.05,0.03,0.73,0.04,0.03,0.01,0.16,0.0,0.17,1711,0.26,0.37,0.39,0.76,0.2,0.11
Central Ark.,13,63,428,112,20,4,182,14,58,43,11,3,2,118,5,3,0,18,0,31,0.44,3.01,0.79,0.14,0.03,1.28,0.1,0.41,0.3,0.08,0.02,0.01,0.83,0.04,0.02,0.0,0.13,0.0,0.22,487,0.26,0.34,0.43,0.77,0.24,0.09
Central Conn. St.,3,18,105,28,8,0,36,0,14,13,2,1,0,17,3,1,0,0,0,6,0.62,3.62,0.97,0.28,0.0,1.24,0.0,0.48,0.45,0.07,0.03,0.0,0.59,0.1,0.03,0.0,0.0,0.0,0.21,121,0.27,0.36,0.34,0.7,0.14,0.11
Central Mich.,13,110,478,136,32,3,234,20,105,53,17,7,6,113,8,8,3,18,0,20,0.77,3.34,0.95,0.22,0.02,1.64,0.14,0.73,0.37,0.12,0.05,0.04,0.79,0.06,0.06,0.02,0.13,0.0,0.14,561,0.28,0.37,0.49,0.86,0.2,0.09
Champion Chris.,2,14,60,20,6,0,26,0,11,9,1,1,1,21,1,2,2,7,0,4,0.78,3.33,1.11,0.33,0.0,1.44,0.0,0.61,0.5,0.06,0.06,0.06,1.17,0.06,0.11,0.11,0.39,0.0,0.22,72,0.33,0.42,0.43,0.85,0.29,0.12
Charleston So.,14,133,504,156,33,4,218,7,115,75,23,8,4,83,8,5,0,19,2,20,0.8,3.02,0.93,0.2,0.02,1.31,0.04,0.69,0.45,0.14,0.05,0.02,0.5,0.05,0.03,0.0,0.11,0.01,0.12,616,0.31,0.41,0.43,0.84,0.13,0.12
Charlotte,22,177,750,230,32,4,369,33,161,110,31,12,7,157,15,5,1,22,1,36,0.83,3.5,1.07,0.15,0.02,1.72,0.15,0.75,0.51,0.14,0.06,0.03,0.73,0.07,0.02,0.0,0.1,0.0,0.17,911,0.31,0.41,0.49,0.8999999999999999,0.17,0.12
Cincinnati,21,172,731,216,35,3,353,32,156,110,38,7,11,186,18,5,5,52,2,41,0.76,3.22,0.95,0.15,0.01,1.56,0.14,0.69,0.48,0.17,0.03,0.05,0.82,0.08,0.02,0.02,0.23,0.01,0.18,899,0.3,0.4,0.48,0.88,0.21,0.12
Clemson,8,36,267,65,10,0,111,12,34,26,8,2,1,75,4,2,1,9,0,18,0.44,3.26,0.79,0.12,0.0,1.35,0.15,0.41,0.32,0.1,0.02,0.01,0.91,0.05,0.02,0.01,0.11,0.0,0.22,304,0.24,0.33,0.42,0.75,0.25,0.09
Coastal Carolina,21,131,669,163,32,2,265,22,121,74,51,8,24,186,11,8,1,25,4,31,0.56,2.88,0.7,0.14,0.01,1.14,0.09,0.52,0.32,0.22,0.03,0.1,0.8,0.05,0.03,0.0,0.11,0.02,0.13,830,0.24,0.35,0.4,0.75,0.22,0.09
Col. of Charleston,12,44,394,101,22,1,137,4,40,44,7,2,0,108,6,6,1,13,0,24,0.37,3.34,0.86,0.19,0.01,1.16,0.03,0.34,0.37,0.06,0.02,0.0,0.92,0.05,0.05,0.01,0.11,0.0,0.2,447,0.26,0.34,0.35,0.69,0.24,0.1
Columbia,13,71,450,118,19,1,181,14,69,56,11,2,4,95,8,7,1,9,0,10,0.58,3.66,0.96,0.15,0.01,1.47,0.11,0.56,0.46,0.09,0.02,0.03,0.77,0.07,0.06,0.01,0.07,0.0,0.08,523,0.26,0.35,0.4,0.75,0.18,0.11
Coppin St.,5,27,163,38,8,2,62,4,21,22,13,3,2,51,1,1,1,10,0,15,0.49,2.96,0.69,0.15,0.04,1.13,0.07,0.38,0.4,0.24,0.05,0.04,0.93,0.02,0.02,0.02,0.18,0.0,0.27,203,0.23,0.36,0.38,0.74,0.25,0.11
Cornell,11,53,389,101,15,1,133,5,45,38,19,5,14,83,10,3,4,12,0,27,0.47,3.47,0.9,0.13,0.01,1.19,0.04,0.4,0.34,0.17,0.04,0.12,0.74,0.09,0.03,0.04,0.11,0.0,0.24,465,0.26,0.34,0.34,0.68,0.18,0.08
Creighton,16,102,556,146,30,1,217,13,89,79,31,10,7,137,13,5,3,25,1,26,0.65,3.56,0.94,0.19,0.01,1.39,0.08,0.57,0.51,0.2,0.06,0.04,0.88,0.08,0.03,0.02,0.16,0.01,0.17,684,0.26,0.37,0.39,0.76,0.2,0.12
DBU,31,243,1037,292,50,3,534,62,233,145,41,13,5,265,18,5,1,39,2,87,0.73,3.1,0.87,0.15,0.01,1.6,0.19,0.7,0.43,0.12,0.04,0.01,0.79,0.05,0.01,0.0,0.12,0.01,0.26,1243,0.28,0.38,0.51,0.89,0.21,0.12
Dartmouth,8,31,279,63,12,2,94,5,29,25,14,0,3,64,5,3,0,15,0,19,0.34,3.07,0.69,0.13,0.02,1.03,0.05,0.32,0.27,0.15,0.0,0.03,0.7,0.05,0.03,0.0,0.16,0.0,0.21,321,0.23,0.32,0.34,0.66,0.2,0.08
Davidson,11,65,369,96,11,1,142,11,63,51,20,3,4,115,8,1,1,2,0,36,0.49,2.75,0.72,0.08,0.01,1.06,0.08,0.47,0.38,0.15,0.02,0.03,0.86,0.06,0.01,0.01,0.01,0.0,0.27,447,0.26,0.37,0.38,0.75,0.26,0.11
Dayton,50,435,1741,528,109,8,914,87,395,253,114,27,13,384,30,37,11,123,6,110,0.79,3.14,0.95,0.2,0.01,1.65,0.16,0.71,0.46,0.21,0.05,0.02,0.69,0.05,0.07,0.02,0.22,0.01,0.2,2154,0.3,0.42,0.52,0.94,0.18,0.12
Delaware,24,125,800,212,35,3,316,21,118,102,20,8,2,197,19,4,4,25,1,52,0.53,3.4,0.9,0.15,0.01,1.34,0.09,0.5,0.43,0.09,0.03,0.01,0.84,0.08,0.02,0.02,0.11,0.0,0.22,933,0.26,0.36,0.4,0.76,0.21,0.11
Delaware St.,2,14,65,17,5,0,22,0,12,11,2,4,3,11,1,0,0,3,0,3,0.78,3.61,0.94,0.28,0.0,1.22,0.0,0.67,0.61,0.11,0.22,0.17,0.61,0.06,0.0,0.0,0.17,0.0,0.17,85,0.26,0.35,0.34,0.69,0.13,0.13
Duke,15,120,485,135,26,6,230,19,103,70,18,6,1,139,5,8,4,43,1,17,0.76,3.09,0.86,0.17,0.04,1.46,0.12,0.66,0.45,0.11,0.04,0.01,0.89,0.03,0.05,0.03,0.27,0.01,0.11,581,0.28,0.38,0.47,0.85,0.24,0.12
ETSU,13,104,438,134,33,2,204,11,93,55,15,7,1,111,6,5,2,11,0,26,0.68,2.88,0.88,0.22,0.01,1.34,0.07,0.61,0.36,0.1,0.05,0.01,0.73,0.04,0.03,0.01,0.07,0.0,0.17,516,0.31,0.4,0.47,0.87,0.22,0.11
East Carolina,43,296,1384,397,72,6,619,46,274,185,54,17,23,246,27,13,1,31,5,36,0.59,2.75,0.79,0.14,0.01,1.23,0.09,0.54,0.37,0.11,0.03,0.05,0.49,0.05,0.03,0.0,0.06,0.01,0.07,1668,0.29,0.38,0.45,0.8300000000000001,0.15,0.11
Eastern Ill.,11,101,386,123,27,1,176,8,93,82,18,3,16,73,2,2,2,26,2,17,0.81,3.11,0.99,0.22,0.01,1.42,0.06,0.75,0.66,0.15,0.02,0.13,0.59,0.02,0.02,0.02,0.21,0.02,0.14,507,0.32,0.44,0.46,0.9,0.14,0.17
Eastern Ky.,9,37,280,57,16,1,87,4,33,39,16,3,5,78,4,4,1,10,0,15,0.41,3.08,0.63,0.18,0.01,0.96,0.04,0.36,0.43,0.18,0.03,0.05,0.86,0.04,0.04,0.01,0.11,0.0,0.16,343,0.2,0.33,0.31,0.64,0.23,0.11
Eastern Mich.,48,284,1655,428,86,8,656,42,265,228,67,13,17,386,27,14,4,68,3,113,0.54,3.17,0.82,0.16,0.02,1.26,0.08,0.51,0.44,0.13,0.02,0.03,0.74,0.05,0.03,0.01,0.13,0.01,0.22,1983,0.26,0.36,0.4,0.76,0.19,0.12
Elon,2,5,60,12,1,1,15,0,5,9,2,1,1,18,2,2,0,4,0,0,0.22,2.61,0.52,0.04,0.04,0.65,0.0,0.22,0.39,0.09,0.04,0.04,0.78,0.09,0.09,0.0,0.17,0.0,0.0,73,0.2,0.32,0.25,0.5700000000000001,0.25,0.12
Evansville,27,136,878,195,45,4,302,18,123,120,40,10,2,278,14,14,4,27,2,77,0.49,3.15,0.7,0.16,0.01,1.08,0.06,0.44,0.43,0.14,0.04,0.01,1.0,0.05,0.05,0.01,0.1,0.01,0.28,1052,0.22,0.34,0.34,0.68,0.26,0.12
FDU,4,47,131,48,9,0,96,13,46,27,8,1,1,22,2,1,0,11,0,7,1.0,2.79,1.02,0.19,0.0,2.04,0.28,0.98,0.57,0.17,0.02,0.02,0.47,0.04,0.02,0.0,0.23,0.0,0.15,168,0.37,0.49,0.73,1.22,0.13,0.16
FGCU,18,117,625,198,37,3,289,16,110,72,23,11,4,129,14,3,0,18,3,11,0.63,3.38,1.07,0.2,0.02,1.56,0.09,0.59,0.39,0.12,0.06,0.02,0.7,0.08,0.02,0.0,0.1,0.02,0.06,738,0.32,0.4,0.46,0.8600000000000001,0.17,0.1
FIU,22,127,730,180,34,2,287,23,123,100,41,7,4,218,16,2,0,7,2,50,0.52,2.98,0.73,0.14,0.01,1.17,0.09,0.5,0.41,0.17,0.03,0.02,0.89,0.07,0.01,0.0,0.03,0.01,0.2,884,0.25,0.36,0.39,0.75,0.25,0.12
Fairfield,4,38,136,46,9,0,82,9,37,21,2,3,3,28,0,2,1,8,1,9,0.86,3.09,1.05,0.2,0.0,1.86,0.2,0.84,0.48,0.05,0.07,0.07,0.64,0.0,0.05,0.02,0.18,0.02,0.2,166,0.34,0.42,0.6,1.02,0.17,0.13
Findlay,1,12,45,19,2,0,27,2,12,6,1,0,0,15,0,1,0,4,0,5,1.2,4.5,1.9,0.2,0.0,2.7,0.2,1.2,0.6,0.1,0.0,0.0,1.5,0.0,0.1,0.0,0.4,0.0,0.5,52,0.42,0.5,0.6,1.1,0.29,0.12
Fla. Atlantic,11,74,395,118,25,0,176,11,67,60,11,5,5,87,11,3,1,14,0,23,0.66,3.53,1.05,0.22,0.0,1.57,0.1,0.6,0.54,0.1,0.04,0.04,0.78,0.1,0.03,0.01,0.12,0.0,0.21,476,0.3,0.4,0.45,0.8500000000000001,0.18,0.13
Florida,55,388,1832,501,95,9,863,83,359,261,78,32,11,446,27,13,4,46,11,151,0.69,3.25,0.89,0.17,0.02,1.53,0.15,0.64,0.46,0.14,0.06,0.02,0.79,0.05,0.02,0.01,0.08,0.02,0.27,2225,0.27,0.38,0.47,0.85,0.2,0.12
Florida A&M,7,19,211,43,8,1,56,1,15,24,6,5,0,72,6,2,1,3,0,16,0.2,2.22,0.45,0.08,0.01,0.59,0.01,0.16,0.25,0.06,0.05,0.0,0.76,0.06,0.02,0.01,0.03,0.0,0.17,246,0.2,0.3,0.27,0.5700000000000001,0.29,0.1
Florida St.,13,89,439,112,25,2,168,9,77,63,18,7,4,146,5,4,1,6,1,22,0.64,3.18,0.81,0.18,0.01,1.22,0.07,0.56,0.46,0.13,0.05,0.03,1.06,0.04,0.03,0.01,0.04,0.01,0.16,532,0.26,0.36,0.38,0.74,0.27,0.12
Fordham,50,335,1694,470,109,8,748,51,297,211,103,26,20,368,33,35,9,116,8,88,0.63,3.2,0.89,0.21,0.02,1.41,0.1,0.56,0.4,0.19,0.05,0.04,0.7,0.06,0.07,0.02,0.22,0.02,0.17,2062,0.28,0.38,0.44,0.8200000000000001,0.18,0.11
Fresno St.,19,122,654,180,35,5,273,16,110,83,23,11,4,146,13,6,0,19,1,27,0.59,3.17,0.87,0.17,0.02,1.33,0.08,0.53,0.4,0.11,0.05,0.02,0.71,0.06,0.03,0.0,0.09,0.0,0.13,776,0.28,0.37,0.42,0.79,0.19,0.11
Ga. Southern,56,331,1905,537,98,8,801,50,305,216,75,23,25,459,43,14,1,52,7,109,0.54,3.08,0.87,0.16,0.01,1.3,0.08,0.49,0.35,0.12,0.04,0.04,0.74,0.07,0.02,0.0,0.08,0.01,0.18,2251,0.28,0.37,0.42,0.79,0.2,0.1
Gardner-Webb,26,179,863,259,56,2,394,25,164,105,34,15,12,175,22,17,7,50,3,32,0.58,2.8,0.84,0.18,0.01,1.28,0.08,0.53,0.34,0.11,0.05,0.04,0.57,0.07,0.06,0.02,0.16,0.01,0.1,1032,0.3,0.39,0.46,0.8500000000000001,0.17,0.1
George Mason,10,58,329,85,16,5,129,6,54,35,11,5,6,59,7,7,4,19,0,21,0.58,3.29,0.85,0.16,0.05,1.29,0.06,0.54,0.35,0.11,0.05,0.06,0.59,0.07,0.07,0.04,0.19,0.0,0.21,386,0.26,0.34,0.39,0.73,0.15,0.09
George Washington,5,15,172,41,6,0,53,2,13,18,4,1,1,38,3,3,1,8,0,12,0.29,3.31,0.79,0.12,0.0,1.02,0.04,0.25,0.35,0.08,0.02,0.02,0.73,0.06,0.06,0.02,0.15,0.0,0.23,196,0.24,0.32,0.31,0.63,0.19,0.09
Georgetown,10,68,343,93,11,1,136,10,64,61,10,4,11,95,5,6,4,16,1,30,0.59,2.96,0.8,0.09,0.01,1.17,0.09,0.55,0.53,0.09,0.03,0.09,0.82,0.04,0.05,0.03,0.14,0.01,0.26,430,0.27,0.38,0.4,0.78,0.22,0.14
Georgia,28,209,1004,297,47,3,518,56,198,143,39,9,1,248,18,4,3,31,5,64,0.65,3.14,0.93,0.15,0.01,1.62,0.18,0.62,0.45,0.12,0.03,0.0,0.78,0.06,0.01,0.01,0.1,0.02,0.2,1201,0.3,0.4,0.52,0.92,0.21,0.12
Georgia St.,19,104,637,166,31,3,230,9,94,85,14,5,13,159,21,10,5,22,1,44,0.45,2.78,0.72,0.14,0.01,1.0,0.04,0.41,0.37,0.06,0.02,0.06,0.69,0.09,0.04,0.02,0.1,0.0,0.19,755,0.26,0.35,0.36,0.71,0.21,0.11
Georgia Tech,13,177,480,196,45,3,337,30,165,80,28,6,2,98,15,1,0,10,1,19,1.13,3.08,1.26,0.29,0.02,2.16,0.19,1.06,0.51,0.18,0.04,0.01,0.63,0.1,0.01,0.0,0.06,0.01,0.12,597,0.41,0.51,0.7,1.21,0.16,0.14
Gonzaga,52,397,1848,578,134,5,911,63,367,204,47,35,11,339,51,11,4,37,8,73,0.71,3.31,1.03,0.24,0.01,1.63,0.11,0.66,0.36,0.08,0.06,0.02,0.61,0.09,0.02,0.01,0.07,0.01,0.13,2153,0.31,0.39,0.49,0.88,0.16,0.1
Grambling,13,97,415,117,22,7,177,8,86,70,22,5,4,129,8,10,6,18,0,31,0.72,3.1,0.87,0.16,0.05,1.32,0.06,0.64,0.52,0.16,0.04,0.03,0.96,0.06,0.07,0.04,0.13,0.0,0.23,516,0.28,0.41,0.43,0.84,0.25,0.14
Grand Canyon,50,279,1716,476,99,10,754,53,257,178,63,25,23,400,44,15,7,46,2,52,0.49,3.03,0.84,0.17,0.02,1.33,0.09,0.45,0.31,0.11,0.04,0.04,0.71,0.08,0.03,0.01,0.08,0.0,0.09,2007,0.28,0.36,0.44,0.8,0.2,0.09
Harvard,37,190,1258,301,56,7,464,31,173,147,44,11,9,364,29,14,4,35,5,94,0.48,3.21,0.77,0.14,0.02,1.18,0.08,0.44,0.38,0.11,0.03,0.02,0.93,0.07,0.04,0.01,0.09,0.01,0.24,1474,0.24,0.33,0.37,0.7,0.25,0.1
Hawaii,23,110,754,191,36,4,256,7,98,79,33,9,9,187,12,13,4,20,0,37,0.4,2.73,0.69,0.13,0.01,0.93,0.03,0.36,0.29,0.12,0.03,0.03,0.68,0.04,0.05,0.01,0.07,0.0,0.13,884,0.25,0.34,0.34,0.68,0.21,0.09
High Point,52,361,1749,521,117,11,864,68,327,249,54,23,26,416,53,26,6,67,13,100,0.66,3.19,0.95,0.21,0.02,1.58,0.12,0.6,0.45,0.1,0.04,0.05,0.76,0.1,0.05,0.01,0.12,0.02,0.18,2114,0.3,0.39,0.49,0.88,0.2,0.12
Hofstra,5,31,161,39,12,1,53,0,27,22,7,2,3,45,1,1,0,6,1,12,0.6,3.1,0.75,0.23,0.02,1.02,0.0,0.52,0.42,0.13,0.04,0.06,0.87,0.02,0.02,0.0,0.12,0.02,0.23,196,0.24,0.35,0.33,0.6799999999999999,0.23,0.12
Holy Cross,2,13,69,18,5,2,30,1,11,6,1,0,0,18,1,0,2,1,0,8,0.54,2.88,0.75,0.21,0.08,1.25,0.04,0.46,0.25,0.04,0.0,0.0,0.75,0.04,0.0,0.08,0.04,0.0,0.33,76,0.26,0.33,0.43,0.76,0.24,0.08
Houston,11,64,352,91,19,2,141,9,56,51,19,4,8,105,7,7,0,21,1,12,0.48,2.63,0.68,0.14,0.01,1.05,0.07,0.42,0.38,0.14,0.03,0.06,0.78,0.05,0.05,0.0,0.16,0.01,0.09,435,0.26,0.37,0.4,0.77,0.24,0.12
Houston Christian,17,82,523,129,28,1,177,6,71,62,28,4,6,104,18,3,0,11,0,30,0.49,3.15,0.78,0.17,0.01,1.07,0.04,0.43,0.37,0.17,0.02,0.04,0.63,0.11,0.02,0.0,0.07,0.0,0.18,623,0.25,0.35,0.34,0.69,0.17,0.1
Illinois,49,332,1636,435,88,10,711,56,300,263,69,24,23,367,37,16,3,59,6,98,0.64,3.15,0.84,0.17,0.02,1.37,0.11,0.58,0.51,0.13,0.05,0.04,0.71,0.07,0.03,0.01,0.11,0.01,0.19,2021,0.27,0.38,0.43,0.81,0.18,0.13
Illinois St.,19,122,678,219,46,6,337,20,115,74,18,8,9,123,17,10,0,16,2,44,0.61,3.39,1.1,0.23,0.03,1.68,0.1,0.57,0.37,0.09,0.04,0.04,0.62,0.08,0.05,0.0,0.08,0.01,0.22,789,0.32,0.39,0.5,0.89,0.16,0.1
Indiana,53,358,1790,511,91,5,810,66,329,258,71,23,30,398,47,15,8,44,2,136,0.64,3.18,0.91,0.16,0.01,1.44,0.12,0.58,0.46,0.13,0.04,0.05,0.71,0.08,0.03,0.01,0.08,0.0,0.24,2174,0.29,0.39,0.45,0.8400000000000001,0.18,0.12
Indiana St.,54,397,1887,533,119,13,879,67,372,243,81,27,28,473,24,25,8,71,7,122,0.71,3.36,0.95,0.21,0.02,1.57,0.12,0.66,0.43,0.14,0.05,0.05,0.84,0.04,0.04,0.01,0.13,0.01,0.22,2273,0.28,0.38,0.47,0.85,0.21,0.11
Iona,8,29,284,64,11,0,84,3,25,32,10,1,4,69,5,5,0,8,0,23,0.33,3.23,0.73,0.12,0.0,0.95,0.03,0.28,0.36,0.11,0.01,0.05,0.78,0.06,0.06,0.0,0.09,0.0,0.26,331,0.23,0.32,0.3,0.62,0.21,0.1
Iowa,25,233,872,294,65,10,490,37,208,108,43,13,13,193,19,5,5,39,2,45,0.78,2.91,0.98,0.22,0.03,1.63,0.12,0.69,0.36,0.14,0.04,0.04,0.64,0.06,0.02,0.02,0.13,0.01,0.15,1051,0.34,0.42,0.56,0.98,0.18,0.1
Jackson St.,7,65,214,72,23,0,98,1,55,37,7,3,7,35,2,2,1,12,2,6,0.89,2.93,0.99,0.32,0.0,1.34,0.01,0.75,0.51,0.1,0.04,0.1,0.48,0.03,0.03,0.01,0.16,0.03,0.08,270,0.34,0.43,0.46,0.89,0.13,0.14
Jacksonville,18,71,564,125,26,0,178,9,67,56,25,9,7,130,8,5,0,13,0,24,0.39,3.1,0.69,0.14,0.0,0.98,0.05,0.37,0.31,0.14,0.05,0.04,0.71,0.04,0.03,0.0,0.07,0.0,0.13,661,0.22,0.31,0.32,0.63,0.2,0.08
Jacksonville St.,53,364,1722,490,97,13,739,42,321,235,88,28,59,378,22,24,3,93,8,100,0.62,2.91,0.83,0.16,0.02,1.25,0.07,0.54,0.4,0.15,0.05,0.1,0.64,0.04,0.04,0.01,0.16,0.01,0.17,2140,0.28,0.38,0.43,0.81,0.18,0.11
James Madison,16,108,544,160,32,3,240,14,100,53,22,11,26,128,7,7,3,39,4,31,0.6,3.02,0.89,0.18,0.02,1.33,0.08,0.56,0.29,0.12,0.06,0.14,0.71,0.04,0.04,0.02,0.22,0.02,0.17,660,0.29,0.36,0.44,0.8,0.19,0.09
Kansas,37,305,1301,381,75,8,652,60,284,216,43,26,7,319,18,2,2,29,3,59,0.86,3.66,1.07,0.21,0.02,1.84,0.17,0.8,0.61,0.12,0.07,0.02,0.9,0.05,0.01,0.01,0.08,0.01,0.17,1596,0.29,0.4,0.5,0.9,0.2,0.14
Kansas St.,53,434,1787,533,127,8,928,84,398,266,67,26,16,424,49,22,9,85,3,99,0.76,3.12,0.93,0.22,0.01,1.62,0.15,0.7,0.47,0.12,0.05,0.03,0.74,0.09,0.04,0.02,0.15,0.01,0.17,2165,0.3,0.4,0.52,0.92,0.2,0.12
Kennesaw St.,51,302,1713,464,92,9,730,52,279,213,48,13,23,470,30,17,8,63,5,117,0.57,3.26,0.88,0.17,0.02,1.39,0.1,0.53,0.4,0.09,0.02,0.04,0.89,0.06,0.03,0.02,0.12,0.01,0.22,2015,0.27,0.36,0.43,0.79,0.23,0.11
Kent St.,17,128,585,166,27,3,268,23,118,66,31,3,3,178,14,11,2,26,1,43,0.75,3.44,0.98,0.16,0.02,1.58,0.14,0.69,0.39,0.18,0.02,0.02,1.05,0.08,0.06,0.01,0.15,0.01,0.25,689,0.28,0.38,0.46,0.8400000000000001,0.26,0.1
Kentucky,49,357,1621,467,97,14,751,53,331,208,119,20,27,397,26,24,12,118,4,114,0.72,3.25,0.94,0.19,0.03,1.51,0.11,0.66,0.42,0.24,0.04,0.05,0.8,0.05,0.05,0.02,0.24,0.01,0.23,1999,0.29,0.4,0.46,0.8600000000000001,0.2,0.11
LIU,3,36,118,39,6,1,56,3,26,16,8,1,2,23,3,0,0,9,1,8,1.24,4.07,1.34,0.21,0.03,1.93,0.1,0.9,0.55,0.28,0.03,0.07,0.79,0.1,0.0,0.0,0.31,0.03,0.28,146,0.33,0.43,0.47,0.8999999999999999,0.16,0.12
LMU (CA),55,282,1753,409,83,8,667,53,251,224,70,19,9,608,35,26,7,82,3,139,0.48,3.0,0.7,0.14,0.01,1.14,0.09,0.43,0.38,0.12,0.03,0.02,1.04,0.06,0.04,0.01,0.14,0.01,0.24,2078,0.23,0.34,0.38,0.72,0.29,0.11
LSU,56,434,1873,532,98,7,914,90,389,295,77,22,16,450,41,12,2,40,4,138,0.64,2.78,0.79,0.15,0.01,1.36,0.13,0.58,0.44,0.11,0.03,0.02,0.67,0.06,0.02,0.0,0.06,0.01,0.2,2287,0.28,0.4,0.49,0.89,0.2,0.13
LSU-Alexandria,1,3,22,3,1,0,7,1,3,5,0,1,1,11,0,0,1,2,0,3,0.23,1.69,0.23,0.08,0.0,0.54,0.08,0.23,0.38,0.0,0.08,0.08,0.85,0.0,0.0,0.08,0.15,0.0,0.23,29,0.14,0.28,0.32,0.6000000000000001,0.38,0.17
La Salle,11,124,394,132,31,4,246,25,111,69,26,2,4,81,8,4,2,25,1,29,0.98,3.13,1.05,0.25,0.03,1.95,0.2,0.88,0.55,0.21,0.02,0.03,0.64,0.06,0.03,0.02,0.2,0.01,0.23,496,0.34,0.46,0.62,1.08,0.16,0.14
Lafayette,3,19,92,19,2,0,48,9,19,8,1,0,1,31,0,1,1,2,0,0,0.59,2.88,0.59,0.06,0.0,1.5,0.28,0.59,0.25,0.03,0.0,0.03,0.97,0.0,0.03,0.03,0.06,0.0,0.0,102,0.21,0.27,0.52,0.79,0.3,0.08
Lamar University,49,265,1674,445,82,7,643,34,242,239,43,22,21,389,41,11,0,58,3,74,0.44,2.76,0.73,0.14,0.01,1.06,0.06,0.4,0.39,0.07,0.04,0.03,0.64,0.07,0.02,0.0,0.1,0.0,0.12,2002,0.27,0.36,0.38,0.74,0.19,0.12
Le Moyne,1,11,30,10,3,0,19,2,10,8,3,0,0,6,1,0,0,6,0,2,1.1,3.0,1.0,0.3,0.0,1.9,0.2,1.0,0.8,0.3,0.0,0.0,0.6,0.1,0.0,0.0,0.6,0.0,0.2,41,0.33,0.51,0.63,1.1400000000000001,0.15,0.2
Liberty,51,390,1725,480,93,12,744,49,344,272,86,26,11,398,37,17,9,90,5,108,0.75,3.32,0.92,0.18,0.02,1.43,0.09,0.66,0.52,0.17,0.05,0.02,0.77,0.07,0.03,0.02,0.17,0.01,0.21,2125,0.28,0.39,0.43,0.8200000000000001,0.19,0.13
Lindenwood,10,64,337,94,6,4,117,3,59,56,12,5,2,64,6,2,1,21,1,20,0.59,3.09,0.86,0.06,0.04,1.07,0.03,0.54,0.51,0.11,0.05,0.02,0.59,0.06,0.02,0.01,0.19,0.01,0.18,413,0.28,0.39,0.35,0.74,0.15,0.14
Lipscomb,7,31,210,52,14,2,82,4,29,22,4,2,1,51,8,3,1,10,0,13,0.34,2.28,0.57,0.15,0.02,0.89,0.04,0.32,0.24,0.04,0.02,0.01,0.55,0.09,0.03,0.01,0.11,0.0,0.14,239,0.25,0.33,0.39,0.72,0.21,0.09
Little Rock,55,328,1915,552,103,8,836,55,306,181,62,15,18,313,41,18,2,44,2,58,0.49,2.88,0.83,0.16,0.01,1.26,0.08,0.46,0.27,0.09,0.02,0.03,0.47,0.06,0.03,0.0,0.07,0.0,0.09,2193,0.29,0.36,0.44,0.8,0.14,0.08
Long Beach St.,52,237,1717,429,71,8,591,25,226,218,87,21,35,422,46,16,9,36,7,98,0.43,3.1,0.78,0.13,0.01,1.07,0.05,0.41,0.39,0.16,0.04,0.06,0.76,0.08,0.03,0.02,0.07,0.01,0.18,2085,0.25,0.35,0.34,0.69,0.2,0.11
Longwood,6,35,184,41,5,2,53,1,29,32,8,6,4,42,5,3,1,14,0,10,0.55,2.88,0.64,0.08,0.03,0.83,0.02,0.45,0.5,0.12,0.09,0.06,0.66,0.08,0.05,0.02,0.22,0.0,0.16,234,0.22,0.35,0.29,0.6399999999999999,0.18,0.14
Louisiana,54,318,1752,461,96,14,693,36,285,225,96,26,31,404,35,33,13,104,5,102,0.51,2.8,0.74,0.15,0.02,1.11,0.06,0.46,0.36,0.15,0.04,0.05,0.65,0.06,0.05,0.02,0.17,0.01,0.16,2135,0.26,0.37,0.4,0.77,0.19,0.11
Louisiana Tech,56,327,1838,502,100,11,804,60,304,267,56,19,15,424,40,10,4,31,3,81,0.56,3.14,0.86,0.17,0.02,1.37,0.1,0.52,0.46,0.1,0.03,0.03,0.72,0.07,0.02,0.01,0.05,0.01,0.14,2198,0.27,0.38,0.44,0.8200000000000001,0.19,0.12
Louisville,11,74,384,112,20,5,169,9,68,63,14,7,3,95,5,4,1,35,0,19,0.67,3.46,1.01,0.18,0.05,1.52,0.08,0.61,0.57,0.13,0.06,0.03,0.86,0.05,0.04,0.01,0.32,0.0,0.17,471,0.29,0.4,0.44,0.8400000000000001,0.2,0.13
Maine,6,44,208,54,8,0,104,14,41,30,9,1,6,42,4,3,0,2,0,15,0.64,3.01,0.78,0.12,0.0,1.51,0.2,0.59,0.43,0.13,0.01,0.09,0.61,0.06,0.04,0.0,0.03,0.0,0.22,254,0.26,0.37,0.5,0.87,0.17,0.12
Manhattan,11,56,370,99,16,2,149,10,55,45,9,3,5,97,6,3,1,19,2,31,0.45,2.98,0.8,0.13,0.02,1.2,0.08,0.44,0.36,0.07,0.02,0.04,0.78,0.05,0.02,0.01,0.15,0.02,0.25,434,0.27,0.35,0.4,0.75,0.22,0.11
Marist,5,22,167,45,4,1,60,3,19,12,4,2,3,45,5,1,0,4,0,12,0.43,3.27,0.88,0.08,0.02,1.18,0.06,0.37,0.24,0.08,0.04,0.06,0.88,0.1,0.02,0.0,0.08,0.0,0.24,188,0.27,0.32,0.36,0.6799999999999999,0.24,0.06
Marshall,18,125,659,186,36,4,290,20,110,66,33,11,4,126,19,5,1,16,2,37,0.7,3.7,1.04,0.2,0.02,1.63,0.11,0.62,0.37,0.19,0.06,0.02,0.71,0.11,0.03,0.01,0.09,0.01,0.21,775,0.28,0.37,0.44,0.81,0.16,0.09
Maryland,26,190,905,262,53,2,457,46,177,127,35,9,10,220,12,4,4,28,0,54,0.71,3.38,0.98,0.2,0.01,1.71,0.17,0.66,0.47,0.13,0.03,0.04,0.82,0.04,0.01,0.01,0.1,0.0,0.2,1086,0.29,0.39,0.5,0.89,0.2,0.12
Massachusetts,13,108,481,150,28,2,221,13,97,70,18,6,7,115,11,1,3,35,3,41,0.78,3.46,1.08,0.2,0.01,1.59,0.09,0.7,0.5,0.13,0.04,0.05,0.83,0.08,0.01,0.02,0.25,0.02,0.29,585,0.31,0.41,0.46,0.87,0.2,0.12
McNeese,20,104,694,178,40,2,276,18,98,63,33,8,7,190,14,2,3,22,4,39,0.44,2.93,0.75,0.17,0.01,1.16,0.08,0.41,0.27,0.14,0.03,0.03,0.8,0.06,0.01,0.01,0.09,0.02,0.16,809,0.26,0.34,0.4,0.74,0.23,0.08
Memphis,54,337,1853,491,80,7,774,63,307,229,67,13,19,479,30,20,5,124,5,85,0.55,3.01,0.8,0.13,0.01,1.26,0.1,0.5,0.37,0.11,0.02,0.03,0.78,0.05,0.03,0.01,0.2,0.01,0.14,2186,0.26,0.36,0.42,0.78,0.22,0.11
Mercer,55,511,1883,607,122,7,1112,123,485,318,88,23,18,462,28,16,2,33,6,65,0.78,2.87,0.93,0.19,0.01,1.7,0.19,0.74,0.48,0.13,0.04,0.03,0.7,0.04,0.02,0.0,0.05,0.01,0.1,2336,0.32,0.43,0.59,1.02,0.2,0.14
Mercyhurst,3,3,75,14,0,0,20,2,3,3,0,0,0,26,2,1,0,1,0,13,0.1,2.5,0.47,0.0,0.0,0.67,0.07,0.1,0.1,0.0,0.0,0.0,0.87,0.07,0.03,0.0,0.03,0.0,0.43,78,0.19,0.22,0.27,0.49,0.33,0.04
Merrimack,14,109,494,142,29,0,231,20,102,74,16,6,2,125,5,4,1,12,3,45,0.76,3.43,0.99,0.2,0.0,1.6,0.14,0.71,0.51,0.11,0.04,0.01,0.87,0.03,0.03,0.01,0.08,0.02,0.31,595,0.29,0.39,0.47,0.86,0.21,0.13
Miami (FL),7,42,256,63,10,0,94,7,40,23,12,2,2,77,1,1,0,7,0,4,0.53,3.24,0.8,0.13,0.0,1.19,0.09,0.51,0.29,0.15,0.03,0.03,0.97,0.01,0.01,0.0,0.09,0.0,0.05,295,0.25,0.33,0.37,0.7,0.26,0.08
Miami (OH),15,153,499,159,39,3,261,19,135,104,40,12,11,114,9,8,1,27,5,35,0.97,3.18,1.01,0.25,0.02,1.66,0.12,0.86,0.66,0.25,0.08,0.07,0.73,0.06,0.05,0.01,0.17,0.03,0.22,671,0.32,0.45,0.52,0.97,0.17,0.16
Michigan,50,271,1667,438,85,7,645,36,246,216,68,18,30,408,36,19,4,45,5,61,0.41,2.55,0.67,0.13,0.01,0.99,0.06,0.38,0.33,0.1,0.03,0.05,0.62,0.06,0.03,0.01,0.07,0.01,0.09,2004,0.26,0.36,0.39,0.75,0.2,0.11
Michigan St.,53,330,1802,489,96,10,788,61,308,189,62,20,12,390,32,22,7,39,3,97,0.62,3.39,0.92,0.18,0.02,1.48,0.11,0.58,0.36,0.12,0.04,0.02,0.73,0.06,0.04,0.01,0.07,0.01,0.18,2088,0.27,0.35,0.44,0.79,0.19,0.09
Middle Tenn.,20,106,659,173,32,3,268,19,102,73,14,4,5,135,14,7,2,9,2,30,0.57,3.56,0.94,0.17,0.02,1.45,0.1,0.55,0.39,0.08,0.02,0.03,0.73,0.08,0.04,0.01,0.05,0.01,0.16,757,0.26,0.34,0.41,0.75,0.18,0.1
Milwaukee,50,328,1642,453,97,7,726,54,300,230,50,17,19,412,31,23,6,105,5,102,0.63,3.15,0.87,0.19,0.01,1.39,0.1,0.58,0.44,0.1,0.03,0.04,0.79,0.06,0.04,0.01,0.2,0.01,0.2,1963,0.28,0.37,0.44,0.81,0.21,0.12
Minnesota,51,389,1673,471,108,12,819,72,360,272,71,26,20,380,25,18,8,105,4,111,0.75,3.23,0.91,0.21,0.02,1.58,0.14,0.69,0.53,0.14,0.05,0.04,0.73,0.05,0.03,0.02,0.2,0.01,0.21,2066,0.28,0.39,0.49,0.88,0.18,0.13
Mississippi St.,52,450,1790,563,111,5,978,98,425,258,59,22,15,438,34,17,4,50,7,100,0.74,2.94,0.92,0.18,0.01,1.61,0.16,0.7,0.42,0.1,0.04,0.02,0.72,0.06,0.03,0.01,0.08,0.01,0.16,2151,0.31,0.41,0.55,0.96,0.2,0.12
Mississippi Val.,10,69,341,83,14,2,122,7,58,64,15,2,3,97,6,6,5,14,0,30,0.53,2.62,0.64,0.11,0.02,0.94,0.05,0.45,0.49,0.12,0.02,0.02,0.75,0.05,0.05,0.04,0.11,0.0,0.23,425,0.24,0.38,0.36,0.74,0.23,0.15
Missouri,23,148,733,187,36,7,282,15,139,94,50,6,7,203,14,6,0,20,0,38,0.6,2.98,0.76,0.15,0.03,1.15,0.06,0.57,0.38,0.2,0.02,0.03,0.83,0.06,0.02,0.0,0.08,0.0,0.15,890,0.26,0.37,0.38,0.75,0.23,0.11
Missouri St.,50,421,1735,519,113,3,920,94,395,236,85,23,14,411,34,10,3,42,8,112,0.75,3.09,0.93,0.2,0.01,1.64,0.17,0.7,0.42,0.15,0.04,0.02,0.73,0.06,0.02,0.01,0.07,0.01,0.2,2101,0.3,0.4,0.53,0.93,0.2,0.12
Mo.-St. Louis,1,8,40,18,2,1,25,1,8,3,1,1,1,7,3,1,0,0,0,3,0.73,3.64,1.64,0.18,0.09,2.27,0.09,0.73,0.27,0.09,0.09,0.09,0.64,0.27,0.09,0.0,0.0,0.0,0.27,46,0.45,0.48,0.62,1.1,0.15,0.07
Monmouth,2,16,74,21,2,2,30,1,14,8,4,0,0,22,0,1,0,1,0,0,0.73,3.36,0.95,0.09,0.09,1.36,0.05,0.64,0.36,0.18,0.0,0.0,1.0,0.0,0.05,0.0,0.05,0.0,0.0,86,0.28,0.38,0.41,0.79,0.26,0.09
Morehead St.,10,77,335,100,19,4,172,15,68,58,9,3,5,88,14,9,3,19,1,18,0.79,3.45,1.03,0.2,0.04,1.77,0.15,0.7,0.6,0.09,0.03,0.05,0.91,0.14,0.09,0.03,0.2,0.01,0.19,411,0.3,0.41,0.51,0.9199999999999999,0.21,0.14
Mount St. Mary's,42,297,1411,402,59,10,613,44,264,208,76,23,22,254,27,26,7,136,2,74,0.59,2.8,0.8,0.12,0.02,1.22,0.09,0.52,0.41,0.15,0.05,0.04,0.5,0.05,0.05,0.01,0.27,0.0,0.15,1742,0.28,0.39,0.43,0.8200000000000001,0.15,0.12
Murray St.,21,143,706,205,41,4,308,18,135,75,23,13,4,135,13,6,2,28,2,23,0.66,3.25,0.94,0.19,0.02,1.42,0.08,0.62,0.35,0.11,0.06,0.02,0.62,0.06,0.03,0.01,0.13,0.01,0.11,823,0.29,0.37,0.44,0.81,0.16,0.09
N.C. A&T,4,16,122,29,4,0,36,1,10,13,2,0,1,30,6,0,0,2,0,11,0.41,3.13,0.74,0.1,0.0,0.92,0.03,0.26,0.33,0.05,0.0,0.03,0.77,0.15,0.0,0.0,0.05,0.0,0.28,138,0.24,0.32,0.3,0.62,0.22,0.09
NC State,35,329,1143,373,66,8,632,59,304,210,31,26,12,195,20,16,0,73,2,26,0.82,2.84,0.93,0.16,0.02,1.57,0.15,0.75,0.52,0.08,0.06,0.03,0.48,0.05,0.04,0.0,0.18,0.0,0.06,1424,0.33,0.43,0.55,0.98,0.14,0.15
NIU,12,100,408,123,25,2,188,12,90,75,32,9,5,97,8,3,0,17,0,29,0.82,3.34,1.01,0.2,0.02,1.54,0.1,0.74,0.61,0.26,0.07,0.04,0.8,0.07,0.02,0.0,0.14,0.0,0.24,529,0.3,0.43,0.46,0.89,0.18,0.14
NJIT,1,0,33,5,1,0,6,0,0,1,0,0,0,12,0,0,1,0,0,5,0.0,2.75,0.42,0.08,0.0,0.5,0.0,0.0,0.08,0.0,0.0,0.0,1.0,0.0,0.0,0.08,0.0,0.0,0.42,34,0.15,0.18,0.18,0.36,0.35,0.03
Navy,1,0,31,3,1,0,4,0,0,2,0,0,0,7,0,0,1,0,0,2,0.0,2.58,0.25,0.08,0.0,0.33,0.0,0.0,0.17,0.0,0.0,0.0,0.58,0.0,0.0,0.08,0.0,0.0,0.17,33,0.1,0.15,0.13,0.28,0.21,0.06
Nebraska,27,219,961,310,61,6,479,32,194,102,57,14,11,223,18,15,1,27,2,38,0.74,3.24,1.04,0.21,0.02,1.61,0.11,0.65,0.34,0.19,0.05,0.04,0.75,0.06,0.05,0.0,0.09,0.01,0.13,1147,0.32,0.41,0.5,0.9099999999999999,0.19,0.09
Nevada,15,108,515,163,42,5,278,21,103,54,11,8,2,112,14,7,1,12,3,28,0.73,3.5,1.11,0.29,0.03,1.89,0.14,0.7,0.37,0.07,0.05,0.01,0.76,0.1,0.05,0.01,0.08,0.02,0.19,593,0.32,0.38,0.54,0.92,0.19,0.1
New Haven,37,201,1201,326,48,3,428,16,178,168,42,12,24,262,37,12,4,42,1,59,0.5,3.0,0.81,0.12,0.01,1.07,0.04,0.44,0.42,0.1,0.03,0.06,0.65,0.09,0.03,0.01,0.1,0.0,0.15,1448,0.27,0.37,0.36,0.73,0.18,0.12
New Mexico,17,173,599,189,45,4,296,18,166,101,32,14,4,124,15,5,1,25,1,24,0.91,3.15,0.99,0.24,0.02,1.56,0.09,0.87,0.53,0.17,0.07,0.02,0.65,0.08,0.03,0.01,0.13,0.01,0.13,751,0.32,0.43,0.49,0.9199999999999999,0.17,0.14
New Mexico St.,54,413,1829,539,106,24,834,47,374,251,94,21,22,429,35,22,7,99,3,124,0.75,3.31,0.97,0.19,0.04,1.51,0.08,0.68,0.45,0.17,0.04,0.04,0.78,0.06,0.04,0.01,0.18,0.01,0.22,2220,0.29,0.4,0.46,0.8600000000000001,0.19,0.11
New Orleans,25,126,831,198,31,3,316,27,118,107,26,4,5,254,16,7,3,21,1,61,0.48,3.14,0.75,0.12,0.01,1.19,0.1,0.45,0.4,0.1,0.02,0.02,0.96,0.06,0.03,0.01,0.08,0.0,0.23,974,0.24,0.34,0.38,0.72,0.26,0.11
Niagara,9,34,317,80,12,2,114,6,30,22,2,2,1,82,3,4,2,7,2,20,0.39,3.6,0.91,0.14,0.02,1.3,0.07,0.34,0.25,0.02,0.02,0.01,0.93,0.03,0.05,0.02,0.08,0.02,0.23,346,0.25,0.3,0.36,0.6599999999999999,0.24,0.07
Nicholls,15,51,466,101,12,2,162,15,49,55,13,2,1,138,11,5,1,12,0,25,0.29,2.63,0.57,0.07,0.01,0.92,0.08,0.28,0.31,0.07,0.01,0.01,0.78,0.06,0.03,0.01,0.07,0.0,0.14,537,0.22,0.31,0.35,0.6599999999999999,0.26,0.1
Norfolk St.,5,31,169,40,8,1,59,3,24,24,4,0,3,49,2,2,2,9,2,14,0.58,3.19,0.75,0.15,0.02,1.11,0.06,0.45,0.45,0.08,0.0,0.06,0.92,0.04,0.04,0.04,0.17,0.04,0.26,202,0.24,0.34,0.35,0.69,0.24,0.13
North Ala.,8,23,253,48,9,0,81,8,22,30,7,0,0,81,4,0,0,0,0,5,0.27,2.98,0.56,0.11,0.0,0.95,0.09,0.26,0.35,0.08,0.0,0.0,0.95,0.05,0.0,0.0,0.0,0.0,0.06,290,0.19,0.29,0.32,0.61,0.28,0.1
North Carolina,15,118,508,131,26,5,233,22,103,78,26,6,3,121,10,4,1,12,2,16,0.76,3.26,0.84,0.17,0.03,1.49,0.14,0.66,0.5,0.17,0.04,0.02,0.78,0.06,0.03,0.01,0.08,0.01,0.1,623,0.26,0.38,0.46,0.8400000000000001,0.19,0.13
North Dakota St.,4,18,136,26,1,1,44,5,18,14,3,0,2,54,1,1,0,6,0,10,0.5,3.78,0.72,0.03,0.03,1.22,0.14,0.5,0.39,0.08,0.0,0.06,1.5,0.03,0.03,0.0,0.17,0.0,0.28,155,0.19,0.28,0.32,0.6000000000000001,0.35,0.09
North Florida,51,314,1647,432,97,4,687,50,285,246,49,23,6,426,32,11,6,73,7,108,0.55,2.9,0.76,0.17,0.01,1.21,0.09,0.5,0.43,0.09,0.04,0.01,0.75,0.06,0.02,0.01,0.13,0.01,0.19,1978,0.26,0.37,0.42,0.79,0.22,0.13
Northeastern,6,32,183,40,8,0,54,2,28,25,12,3,2,54,1,7,0,22,0,13,0.57,3.27,0.71,0.14,0.0,0.96,0.04,0.5,0.45,0.21,0.05,0.04,0.96,0.02,0.12,0.0,0.39,0.0,0.23,225,0.22,0.34,0.3,0.64,0.24,0.11
Northern Colo.,10,34,299,70,7,1,88,3,33,39,13,0,2,98,9,2,1,11,0,14,0.3,2.62,0.61,0.06,0.01,0.77,0.03,0.29,0.34,0.11,0.0,0.02,0.86,0.08,0.02,0.01,0.1,0.0,0.12,353,0.23,0.35,0.29,0.6399999999999999,0.28,0.11
Northern Ky.,9,62,325,92,20,1,126,4,56,45,16,7,2,90,7,2,2,11,2,27,0.61,3.22,0.91,0.2,0.01,1.25,0.04,0.55,0.45,0.16,0.07,0.02,0.89,0.07,0.02,0.02,0.11,0.02,0.27,397,0.28,0.39,0.39,0.78,0.23,0.12
Northwestern,49,285,1618,428,94,7,734,66,265,195,35,20,14,413,31,15,0,26,4,96,0.55,3.13,0.83,0.18,0.01,1.42,0.13,0.51,0.38,0.07,0.04,0.03,0.8,0.06,0.03,0.0,0.05,0.01,0.19,1886,0.26,0.35,0.45,0.8,0.22,0.11
Northwestern St.,46,240,1565,405,59,8,579,33,218,167,53,18,11,433,43,16,1,55,4,80,0.47,3.07,0.8,0.12,0.02,1.14,0.06,0.43,0.33,0.1,0.04,0.02,0.85,0.08,0.03,0.0,0.11,0.01,0.16,1818,0.26,0.34,0.37,0.71,0.24,0.09
Notre Dame,16,116,545,159,31,7,249,15,110,83,29,10,5,141,9,3,2,14,0,41,0.67,3.15,0.92,0.18,0.04,1.44,0.09,0.64,0.48,0.17,0.06,0.03,0.82,0.05,0.02,0.01,0.08,0.0,0.24,672,0.29,0.4,0.46,0.8600000000000001,0.21,0.12
Oakland,14,78,476,121,37,1,190,10,70,53,19,4,9,135,9,6,0,15,0,35,0.49,2.99,0.76,0.23,0.01,1.19,0.06,0.44,0.33,0.12,0.03,0.06,0.85,0.06,0.04,0.0,0.09,0.0,0.22,561,0.25,0.34,0.4,0.74,0.24,0.09
Ohio,13,74,433,120,24,3,186,12,64,42,18,8,2,121,8,6,5,33,0,37,0.57,3.36,0.93,0.19,0.02,1.44,0.09,0.5,0.33,0.14,0.06,0.02,0.94,0.06,0.05,0.04,0.26,0.0,0.29,503,0.28,0.36,0.43,0.79,0.24,0.08
Ohio St.,24,181,799,219,48,3,390,39,173,98,50,13,9,204,17,7,3,27,5,58,0.79,3.49,0.96,0.21,0.01,1.7,0.17,0.76,0.43,0.22,0.06,0.04,0.89,0.07,0.03,0.01,0.12,0.02,0.25,974,0.27,0.38,0.49,0.87,0.21,0.11
Oklahoma,22,125,714,190,32,5,319,29,115,93,15,9,5,187,13,10,2,42,1,46,0.55,3.13,0.83,0.14,0.02,1.4,0.13,0.5,0.41,0.07,0.04,0.02,0.82,0.06,0.04,0.01,0.18,0.0,0.2,837,0.27,0.36,0.45,0.81,0.22,0.11
Oklahoma St.,19,152,659,181,32,3,351,44,146,100,21,0,4,228,7,3,0,21,0,33,0.66,2.87,0.79,0.14,0.01,1.53,0.19,0.63,0.43,0.09,0.0,0.02,0.99,0.03,0.01,0.0,0.09,0.0,0.14,784,0.27,0.39,0.53,0.92,0.29,0.13
Old Dominion,16,100,523,143,26,0,226,19,92,62,20,8,7,134,12,4,2,20,0,36,0.55,2.87,0.79,0.14,0.0,1.24,0.1,0.51,0.34,0.11,0.04,0.04,0.74,0.07,0.02,0.01,0.11,0.0,0.2,620,0.27,0.36,0.43,0.79,0.22,0.1
Ole Miss,56,385,1801,480,77,1,850,97,362,297,69,22,7,575,40,9,4,44,2,174,0.61,2.83,0.75,0.12,0.0,1.34,0.15,0.57,0.47,0.11,0.03,0.01,0.9,0.06,0.01,0.01,0.07,0.0,0.27,2198,0.27,0.38,0.47,0.85,0.26,0.14
Omaha,9,61,317,97,26,4,146,5,60,42,8,4,5,69,11,3,0,10,0,10,0.66,3.45,1.05,0.28,0.04,1.59,0.05,0.65,0.46,0.09,0.04,0.05,0.75,0.12,0.03,0.0,0.11,0.0,0.11,376,0.31,0.39,0.46,0.8500000000000001,0.18,0.11
Oral Roberts,5,15,153,37,6,1,51,2,15,19,8,1,0,43,3,0,1,0,0,12,0.25,2.55,0.62,0.1,0.02,0.85,0.03,0.25,0.32,0.13,0.02,0.0,0.72,0.05,0.0,0.02,0.0,0.0,0.2,181,0.24,0.35,0.33,0.6799999999999999,0.24,0.1
Oregon,24,198,829,258,49,6,451,44,185,124,44,11,14,191,14,9,1,30,6,60,0.68,2.83,0.88,0.17,0.02,1.54,0.15,0.63,0.42,0.15,0.04,0.05,0.65,0.05,0.03,0.0,0.1,0.02,0.2,1028,0.31,0.41,0.54,0.95,0.19,0.13
Oregon St.,55,369,1844,499,103,5,777,55,339,265,87,24,36,401,37,18,8,48,4,97,0.6,2.98,0.81,0.17,0.01,1.26,0.09,0.55,0.43,0.14,0.04,0.06,0.65,0.06,0.03,0.01,0.08,0.01,0.16,2260,0.27,0.38,0.42,0.8,0.18,0.12
Pacific,49,285,1648,459,100,4,675,36,261,174,38,20,32,342,52,11,5,36,3,81,0.51,2.92,0.81,0.18,0.01,1.2,0.06,0.46,0.31,0.07,0.04,0.06,0.61,0.09,0.02,0.01,0.06,0.01,0.14,1915,0.28,0.35,0.41,0.76,0.18,0.09
Penn,12,80,420,118,24,1,192,16,75,51,8,4,3,110,12,3,2,25,0,10,0.65,3.39,0.95,0.19,0.01,1.55,0.13,0.6,0.41,0.06,0.03,0.02,0.89,0.1,0.02,0.02,0.2,0.0,0.08,486,0.28,0.36,0.46,0.8200000000000001,0.23,0.1
Penn St.,50,269,1651,444,73,11,755,72,251,185,66,17,14,412,43,15,4,33,4,92,0.54,3.3,0.89,0.15,0.02,1.51,0.14,0.5,0.37,0.13,0.03,0.03,0.82,0.09,0.03,0.01,0.07,0.01,0.18,1937,0.27,0.36,0.46,0.8200000000000001,0.21,0.1
Pepperdine,18,111,635,183,31,3,271,17,102,65,14,6,3,133,18,1,5,11,1,22,0.54,3.08,0.89,0.15,0.01,1.32,0.08,0.5,0.32,0.07,0.03,0.01,0.65,0.09,0.0,0.02,0.05,0.0,0.11,724,0.29,0.36,0.43,0.79,0.18,0.09
Pittsburgh,10,102,330,113,26,2,188,15,95,80,8,10,1,68,6,2,0,10,1,11,0.98,3.17,1.09,0.25,0.02,1.81,0.14,0.91,0.77,0.08,0.1,0.01,0.65,0.06,0.02,0.0,0.1,0.01,0.11,430,0.34,0.47,0.57,1.04,0.16,0.19
Portland,18,100,611,148,30,2,236,18,96,100,20,12,1,165,12,5,3,16,5,41,0.46,2.83,0.69,0.14,0.01,1.09,0.08,0.44,0.46,0.09,0.06,0.0,0.76,0.06,0.02,0.01,0.07,0.02,0.19,749,0.24,0.36,0.39,0.75,0.22,0.14
Prairie View,5,26,148,45,8,1,64,3,24,22,5,3,4,44,4,4,0,10,0,14,0.52,2.96,0.9,0.16,0.02,1.28,0.06,0.48,0.44,0.1,0.06,0.08,0.88,0.08,0.08,0.0,0.2,0.0,0.28,182,0.3,0.4,0.43,0.8300000000000001,0.24,0.12
Presbyterian,15,72,494,117,23,1,175,11,65,47,12,4,5,143,10,7,1,19,0,29,0.38,2.6,0.62,0.12,0.01,0.92,0.06,0.34,0.25,0.06,0.02,0.03,0.75,0.05,0.04,0.01,0.1,0.0,0.15,562,0.24,0.31,0.35,0.6599999999999999,0.25,0.08
Princeton,14,42,469,107,19,1,146,6,40,35,9,1,1,136,8,2,5,14,0,39,0.3,3.37,0.77,0.14,0.01,1.05,0.04,0.29,0.25,0.06,0.01,0.01,0.98,0.06,0.01,0.04,0.1,0.0,0.28,515,0.23,0.29,0.31,0.6,0.26,0.07
Purdue,52,407,1780,541,112,15,884,67,378,218,104,21,25,394,41,20,14,66,2,106,0.65,2.85,0.87,0.18,0.02,1.41,0.11,0.6,0.35,0.17,0.03,0.04,0.63,0.07,0.03,0.02,0.11,0.0,0.17,2150,0.3,0.4,0.5,0.9,0.18,0.1
Queens (NC),17,70,551,133,30,0,190,9,63,64,22,3,8,158,11,8,3,18,2,37,0.4,3.15,0.76,0.17,0.0,1.09,0.05,0.36,0.37,0.13,0.02,0.05,0.9,0.06,0.05,0.02,0.1,0.01,0.21,650,0.24,0.34,0.34,0.68,0.24,0.1
Quinnipiac,16,80,502,134,24,7,199,9,77,70,14,6,9,81,14,7,4,20,1,28,0.52,3.28,0.88,0.16,0.05,1.3,0.06,0.5,0.46,0.09,0.04,0.06,0.53,0.09,0.05,0.03,0.13,0.01,0.18,602,0.27,0.36,0.4,0.76,0.13,0.12
Radford,11,45,331,79,17,3,114,4,43,36,14,3,4,79,16,5,4,6,1,26,0.36,2.65,0.63,0.14,0.02,0.91,0.03,0.34,0.29,0.11,0.02,0.03,0.63,0.13,0.04,0.03,0.05,0.01,0.21,389,0.24,0.33,0.34,0.67,0.2,0.1
Rhode Island,9,68,303,95,18,4,148,9,68,42,13,6,3,55,8,3,0,16,1,19,0.66,2.94,0.92,0.17,0.04,1.44,0.09,0.66,0.41,0.13,0.06,0.03,0.53,0.08,0.03,0.0,0.16,0.01,0.18,368,0.31,0.41,0.49,0.8999999999999999,0.15,0.12
Rice,29,172,937,248,54,3,389,27,151,123,46,19,18,189,16,7,0,30,4,42,0.5,2.72,0.72,0.16,0.01,1.13,0.08,0.44,0.36,0.13,0.06,0.05,0.55,0.05,0.02,0.0,0.09,0.01,0.12,1147,0.26,0.36,0.42,0.78,0.16,0.11
Richmond,11,53,354,89,12,1,154,17,52,42,21,5,1,96,7,7,3,16,0,28,0.38,2.57,0.64,0.09,0.01,1.12,0.12,0.38,0.3,0.15,0.04,0.01,0.7,0.05,0.05,0.02,0.12,0.0,0.2,423,0.25,0.36,0.44,0.8,0.23,0.1
Rider,15,119,551,163,26,3,243,16,109,69,13,7,7,113,7,3,3,16,0,20,0.78,3.6,1.07,0.17,0.02,1.59,0.1,0.71,0.45,0.08,0.05,0.05,0.74,0.05,0.02,0.02,0.1,0.0,0.13,647,0.3,0.38,0.44,0.8200000000000001,0.17,0.11
Rutgers,28,192,980,292,43,5,459,38,176,92,29,7,17,206,18,7,1,25,1,33,0.66,3.36,1.0,0.15,0.02,1.57,0.13,0.6,0.32,0.1,0.02,0.06,0.71,0.06,0.02,0.0,0.09,0.0,0.11,1126,0.3,0.37,0.47,0.84,0.18,0.08
SFA,8,47,276,73,8,1,101,6,38,36,4,2,1,64,5,0,0,10,0,13,0.54,3.17,0.84,0.09,0.01,1.16,0.07,0.44,0.41,0.05,0.02,0.01,0.74,0.06,0.0,0.0,0.11,0.0,0.15,319,0.26,0.35,0.37,0.72,0.2,0.11
SIUE,21,126,670,177,19,6,298,30,115,78,22,11,6,147,9,7,1,16,1,17,0.56,2.96,0.78,0.08,0.03,1.32,0.13,0.51,0.35,0.1,0.05,0.03,0.65,0.04,0.03,0.0,0.07,0.0,0.08,788,0.26,0.35,0.44,0.79,0.19,0.1
Sacramento St.,17,113,555,148,25,3,218,13,107,75,20,6,8,151,12,4,2,6,2,40,0.64,3.14,0.84,0.14,0.02,1.23,0.07,0.6,0.42,0.11,0.03,0.05,0.85,0.07,0.02,0.01,0.03,0.01,0.23,666,0.27,0.36,0.39,0.75,0.23,0.12
Sacred Heart,14,79,417,101,18,2,162,13,71,85,17,5,9,145,9,7,3,29,1,38,0.53,2.8,0.68,0.12,0.01,1.09,0.09,0.48,0.57,0.11,0.03,0.06,0.97,0.06,0.05,0.02,0.19,0.01,0.26,534,0.24,0.38,0.39,0.77,0.27,0.16
Saint Joseph's,14,99,486,136,21,5,212,15,95,57,25,10,2,121,10,3,5,19,0,43,0.71,3.5,0.98,0.15,0.04,1.53,0.11,0.68,0.41,0.18,0.07,0.01,0.87,0.07,0.02,0.04,0.14,0.0,0.31,580,0.28,0.38,0.44,0.8200000000000001,0.21,0.1
Saint Louis,11,54,358,95,16,1,137,8,51,42,14,2,10,82,9,2,1,11,0,19,0.48,3.17,0.84,0.14,0.01,1.21,0.07,0.45,0.37,0.12,0.02,0.09,0.73,0.08,0.02,0.01,0.1,0.0,0.17,426,0.27,0.35,0.38,0.73,0.19,0.1
Saint Mary's (CA),54,394,1899,626,133,14,970,61,361,196,73,23,41,333,51,18,15,59,2,102,0.65,3.15,1.04,0.22,0.02,1.61,0.1,0.6,0.33,0.12,0.04,0.07,0.55,0.08,0.03,0.02,0.1,0.0,0.17,2234,0.33,0.4,0.51,0.91,0.15,0.09
Saint Peter's,6,17,197,47,10,0,72,5,16,27,3,1,2,58,0,3,1,1,1,18,0.27,3.08,0.73,0.16,0.0,1.12,0.08,0.25,0.42,0.05,0.02,0.03,0.91,0.0,0.05,0.02,0.02,0.02,0.28,231,0.24,0.33,0.37,0.7,0.25,0.12
Sam Houston,20,117,659,163,22,5,255,20,103,94,21,6,7,206,14,10,7,37,1,77,0.54,3.07,0.76,0.1,0.02,1.19,0.09,0.48,0.44,0.1,0.03,0.03,0.96,0.07,0.05,0.03,0.17,0.0,0.36,788,0.25,0.35,0.39,0.74,0.26,0.12
Samford,19,99,633,185,31,3,294,24,91,51,19,7,5,152,14,3,2,9,1,34,0.5,3.2,0.93,0.16,0.02,1.48,0.12,0.46,0.26,0.1,0.04,0.03,0.77,0.07,0.02,0.01,0.05,0.01,0.17,716,0.29,0.36,0.46,0.8200000000000001,0.21,0.07
San Diego,22,139,735,206,43,7,308,15,121,112,41,7,13,213,11,17,6,22,2,31,0.6,3.2,0.9,0.19,0.03,1.34,0.07,0.53,0.49,0.18,0.03,0.06,0.93,0.05,0.07,0.03,0.1,0.01,0.13,910,0.28,0.39,0.42,0.81,0.23,0.13
San Diego St.,15,94,523,144,27,4,212,11,85,73,12,5,9,127,13,5,1,24,0,17,0.65,3.63,1.0,0.19,0.03,1.47,0.08,0.59,0.51,0.08,0.03,0.06,0.88,0.09,0.03,0.01,0.17,0.0,0.12,622,0.28,0.37,0.41,0.78,0.2,0.12
San Francisco,22,101,739,188,43,4,290,17,95,97,27,5,6,231,12,4,1,13,1,64,0.43,3.13,0.8,0.18,0.02,1.23,0.07,0.4,0.41,0.11,0.02,0.03,0.98,0.05,0.02,0.0,0.06,0.0,0.27,875,0.25,0.36,0.39,0.75,0.26,0.11
San Jose St.,18,116,627,172,45,4,273,16,106,61,26,14,7,170,12,4,0,9,1,26,0.55,2.97,0.82,0.21,0.02,1.29,0.08,0.5,0.29,0.12,0.07,0.03,0.81,0.06,0.02,0.0,0.04,0.0,0.12,736,0.27,0.35,0.44,0.79,0.23,0.08
Santa Clara,16,89,552,159,37,6,241,11,83,66,29,8,12,148,12,4,2,21,4,45,0.48,2.98,0.86,0.2,0.03,1.3,0.06,0.45,0.36,0.16,0.04,0.06,0.8,0.06,0.02,0.01,0.11,0.02,0.24,671,0.29,0.38,0.44,0.8200000000000001,0.22,0.1
Seattle U,13,58,431,103,21,0,169,15,54,58,9,2,6,130,11,3,0,0,5,37,0.44,3.27,0.78,0.16,0.0,1.28,0.11,0.41,0.44,0.07,0.02,0.05,0.98,0.08,0.02,0.0,0.0,0.04,0.28,511,0.24,0.33,0.39,0.72,0.25,0.12
Seton Hall,10,49,341,81,16,3,112,3,44,40,15,7,4,90,3,3,0,22,0,18,0.46,3.22,0.76,0.15,0.03,1.06,0.03,0.42,0.38,0.14,0.07,0.04,0.85,0.03,0.03,0.0,0.21,0.0,0.17,407,0.24,0.33,0.33,0.66,0.22,0.1
Siena,9,21,256,46,12,0,67,3,19,27,3,0,1,69,5,1,1,1,1,19,0.2,2.39,0.43,0.11,0.0,0.63,0.03,0.18,0.25,0.03,0.0,0.01,0.64,0.05,0.01,0.01,0.01,0.01,0.18,288,0.18,0.26,0.26,0.52,0.24,0.1
South Alabama,29,169,938,240,60,5,391,27,159,115,39,8,21,218,24,6,4,20,4,45,0.56,3.1,0.79,0.2,0.02,1.29,0.09,0.52,0.38,0.13,0.03,0.07,0.72,0.08,0.02,0.01,0.07,0.01,0.15,1125,0.26,0.35,0.42,0.77,0.19,0.11
South Carolina,55,269,1817,428,101,7,741,66,248,191,60,10,12,543,27,10,4,25,0,107,0.46,3.14,0.74,0.17,0.01,1.28,0.11,0.43,0.33,0.1,0.02,0.02,0.94,0.05,0.02,0.01,0.04,0.0,0.18,2090,0.24,0.32,0.41,0.73,0.26,0.09
South Dakota St.,5,18,161,35,7,0,45,1,16,14,8,1,2,47,4,1,0,5,0,14,0.3,2.64,0.57,0.11,0.0,0.74,0.02,0.26,0.23,0.13,0.02,0.03,0.77,0.07,0.02,0.0,0.08,0.0,0.23,186,0.22,0.31,0.28,0.5900000000000001,0.25,0.08
South Fla.,20,147,689,203,47,7,294,10,137,72,27,8,10,128,6,9,1,30,2,30,0.69,3.22,0.95,0.22,0.03,1.37,0.05,0.64,0.34,0.13,0.04,0.05,0.6,0.03,0.04,0.0,0.14,0.01,0.14,808,0.29,0.37,0.43,0.8,0.16,0.09
Southeast Mo. St.,11,98,351,115,21,1,168,10,89,68,21,5,9,63,7,3,1,17,1,18,0.88,3.13,1.03,0.19,0.01,1.5,0.09,0.79,0.61,0.19,0.04,0.08,0.56,0.06,0.03,0.01,0.15,0.01,0.16,455,0.33,0.45,0.48,0.9299999999999999,0.14,0.15
Southeastern La.,49,351,1633,452,82,7,782,78,317,197,86,17,15,387,25,7,0,21,3,51,0.67,3.12,0.86,0.16,0.01,1.5,0.15,0.61,0.38,0.16,0.03,0.03,0.74,0.05,0.01,0.0,0.04,0.01,0.1,1951,0.28,0.38,0.48,0.86,0.2,0.1
Southern California,20,124,653,173,33,8,288,22,110,78,26,8,13,135,8,6,3,23,3,34,0.56,2.93,0.78,0.15,0.04,1.29,0.1,0.49,0.35,0.12,0.04,0.06,0.61,0.04,0.03,0.01,0.1,0.01,0.15,781,0.26,0.35,0.44,0.79,0.17,0.1
Southern Ill.,16,103,541,151,27,3,220,12,92,63,29,8,6,103,16,7,0,25,1,31,0.59,3.07,0.86,0.15,0.02,1.25,0.07,0.52,0.36,0.16,0.05,0.03,0.59,0.09,0.04,0.0,0.14,0.01,0.18,648,0.28,0.38,0.41,0.79,0.16,0.1
Southern Ind.,51,347,1725,505,81,10,681,25,302,196,82,19,42,277,41,22,7,66,5,76,0.57,2.84,0.83,0.13,0.02,1.12,0.04,0.5,0.32,0.13,0.03,0.07,0.46,0.07,0.04,0.01,0.11,0.01,0.12,2069,0.29,0.38,0.39,0.77,0.13,0.1
Southern Miss.,52,345,1750,506,88,6,825,73,321,229,66,25,27,371,45,5,2,16,8,54,0.65,3.28,0.95,0.16,0.01,1.54,0.14,0.6,0.43,0.12,0.05,0.05,0.69,0.08,0.01,0.0,0.03,0.01,0.1,2105,0.29,0.38,0.47,0.85,0.18,0.11
Southern U.,6,53,204,58,9,7,81,0,46,46,9,5,0,50,5,3,0,20,1,16,0.82,3.14,0.89,0.14,0.11,1.25,0.0,0.71,0.71,0.14,0.08,0.0,0.77,0.08,0.05,0.0,0.31,0.02,0.25,265,0.28,0.43,0.4,0.8300000000000001,0.19,0.18
Southern-N.O.,1,1,31,5,1,0,6,0,1,1,0,0,1,12,1,0,0,0,0,4,0.08,2.58,0.42,0.08,0.0,0.5,0.0,0.08,0.08,0.0,0.0,0.08,1.0,0.08,0.0,0.0,0.0,0.0,0.33,33,0.16,0.18,0.19,0.37,0.36,0.03
Southwest (NM),2,11,69,16,1,0,17,0,8,11,0,1,0,27,2,2,0,2,0,11,0.35,2.23,0.52,0.03,0.0,0.55,0.0,0.26,0.35,0.0,0.03,0.0,0.87,0.06,0.06,0.0,0.06,0.0,0.35,81,0.23,0.33,0.25,0.5800000000000001,0.33,0.14
St. Bonaventure,9,51,301,79,22,2,129,8,50,31,14,3,3,66,4,3,1,8,1,23,0.55,3.27,0.86,0.24,0.02,1.4,0.09,0.54,0.34,0.15,0.03,0.03,0.72,0.04,0.03,0.01,0.09,0.01,0.25,353,0.26,0.35,0.43,0.78,0.19,0.09
St. John's (NY),14,40,440,105,13,1,135,5,39,43,14,4,7,109,10,4,1,17,2,23,0.3,3.28,0.78,0.1,0.01,1.01,0.04,0.29,0.32,0.1,0.03,0.05,0.81,0.07,0.03,0.01,0.13,0.01,0.17,510,0.24,0.32,0.31,0.63,0.21,0.09
St. Thomas (MN),12,67,379,102,23,3,146,5,62,49,19,8,4,90,10,2,1,13,0,13,0.52,2.92,0.78,0.18,0.02,1.12,0.04,0.48,0.38,0.15,0.06,0.03,0.69,0.08,0.02,0.01,0.1,0.0,0.1,459,0.27,0.37,0.39,0.76,0.2,0.11
Stanford,7,66,246,81,19,1,141,13,62,37,8,3,0,37,3,1,1,6,1,4,0.81,3.04,1.0,0.23,0.01,1.74,0.16,0.77,0.46,0.1,0.04,0.0,0.46,0.04,0.01,0.01,0.07,0.01,0.05,295,0.33,0.43,0.57,1.0,0.13,0.13
Stetson,51,274,1656,431,77,5,608,30,249,206,83,14,28,424,33,19,5,85,6,83,0.48,2.9,0.75,0.13,0.01,1.06,0.05,0.44,0.36,0.15,0.02,0.05,0.74,0.06,0.03,0.01,0.15,0.01,0.15,1993,0.26,0.36,0.37,0.73,0.21,0.11
Stonehill,1,6,32,8,0,0,11,1,6,8,1,1,0,2,2,0,0,0,0,2,0.67,3.56,0.89,0.0,0.0,1.22,0.11,0.67,0.89,0.11,0.11,0.0,0.22,0.22,0.0,0.0,0.0,0.0,0.22,42,0.25,0.4,0.34,0.74,0.05,0.19
Stony Brook,1,15,33,10,2,0,15,1,13,11,1,0,0,5,1,2,0,4,0,3,1.0,2.2,0.67,0.13,0.0,1.0,0.07,0.87,0.73,0.07,0.0,0.0,0.33,0.07,0.13,0.0,0.27,0.0,0.2,45,0.3,0.49,0.45,0.94,0.11,0.24
TCU,23,189,726,208,40,5,312,18,171,156,48,14,6,154,16,7,1,46,1,27,0.78,2.99,0.86,0.16,0.02,1.28,0.07,0.7,0.64,0.2,0.06,0.02,0.63,0.07,0.03,0.0,0.19,0.0,0.11,951,0.29,0.43,0.43,0.86,0.16,0.17
Tarleton St.,9,42,283,74,16,4,116,6,38,34,14,3,4,88,4,6,2,19,0,23,0.47,3.18,0.83,0.18,0.04,1.3,0.07,0.43,0.38,0.16,0.03,0.04,0.99,0.04,0.07,0.02,0.21,0.0,0.26,338,0.26,0.36,0.41,0.77,0.26,0.1
Tennessee,53,384,1802,496,110,7,929,103,361,207,60,24,13,415,32,13,1,35,7,102,0.62,2.91,0.8,0.18,0.01,1.5,0.17,0.58,0.33,0.1,0.04,0.02,0.67,0.05,0.02,0.0,0.06,0.01,0.16,2113,0.28,0.36,0.52,0.88,0.2,0.1
Tennessee Tech,13,87,436,118,21,2,188,15,80,65,20,6,2,101,9,2,4,12,1,8,0.64,3.23,0.87,0.16,0.01,1.39,0.11,0.59,0.48,0.15,0.04,0.01,0.75,0.07,0.01,0.03,0.09,0.01,0.06,530,0.27,0.38,0.43,0.81,0.19,0.12
Texas,21,147,718,201,32,5,354,37,136,117,16,6,5,196,13,4,0,35,2,46,0.66,3.23,0.91,0.14,0.02,1.59,0.17,0.61,0.53,0.07,0.03,0.02,0.88,0.06,0.02,0.0,0.16,0.01,0.21,864,0.28,0.39,0.49,0.88,0.23,0.14
Texas A&M,18,147,627,180,28,2,344,44,136,79,14,6,1,174,8,1,0,9,2,43,0.77,3.28,0.94,0.15,0.01,1.8,0.23,0.71,0.41,0.07,0.03,0.01,0.91,0.04,0.01,0.0,0.05,0.01,0.23,729,0.29,0.37,0.55,0.92,0.24,0.11
Texas Southern,3,36,96,32,5,2,56,5,33,28,0,2,1,16,1,2,1,3,0,1,1.2,3.2,1.07,0.17,0.07,1.87,0.17,1.1,0.93,0.0,0.07,0.03,0.53,0.03,0.07,0.03,0.1,0.0,0.03,127,0.33,0.47,0.58,1.0499999999999998,0.13,0.22
Texas St.,56,391,1889,525,105,14,982,108,371,241,52,8,9,504,36,14,9,52,2,108,0.65,3.14,0.87,0.17,0.02,1.63,0.18,0.62,0.4,0.09,0.01,0.01,0.84,0.06,0.02,0.01,0.09,0.0,0.18,2201,0.28,0.37,0.52,0.89,0.23,0.11
Texas Tech,17,173,588,209,52,5,361,30,165,77,23,8,7,113,13,2,0,17,0,22,0.98,3.32,1.18,0.29,0.03,2.04,0.17,0.93,0.44,0.13,0.05,0.04,0.64,0.07,0.01,0.0,0.1,0.0,0.12,703,0.36,0.44,0.61,1.05,0.16,0.11
The Citadel,16,72,506,113,17,3,154,6,62,61,31,4,15,143,13,7,2,23,0,41,0.41,2.89,0.65,0.1,0.02,0.88,0.03,0.35,0.35,0.18,0.02,0.09,0.82,0.07,0.04,0.01,0.13,0.0,0.23,617,0.22,0.33,0.3,0.63,0.23,0.1
Tiffin,1,6,36,12,3,0,18,1,6,4,0,0,1,12,0,2,0,3,0,2,0.46,2.77,0.92,0.23,0.0,1.38,0.08,0.46,0.31,0.0,0.0,0.08,0.92,0.0,0.15,0.0,0.23,0.0,0.15,41,0.33,0.39,0.5,0.89,0.29,0.1
Toledo,19,119,638,181,54,6,277,10,106,74,43,10,11,123,12,7,2,27,4,31,0.56,3.02,0.86,0.26,0.03,1.31,0.05,0.5,0.35,0.2,0.05,0.05,0.58,0.06,0.03,0.01,0.13,0.02,0.15,780,0.28,0.38,0.43,0.81,0.16,0.1
Tougaloo,3,15,86,25,2,0,27,0,13,14,3,1,1,23,2,0,0,0,0,5,0.45,2.61,0.76,0.06,0.0,0.82,0.0,0.39,0.42,0.09,0.03,0.03,0.7,0.06,0.0,0.0,0.0,0.0,0.15,105,0.29,0.4,0.31,0.71,0.22,0.13
Towson,9,50,302,70,16,1,103,5,46,44,9,3,6,84,7,5,1,14,0,29,0.49,2.93,0.68,0.16,0.01,1.0,0.05,0.45,0.43,0.09,0.03,0.06,0.82,0.07,0.05,0.01,0.14,0.0,0.28,364,0.23,0.34,0.34,0.68,0.23,0.12
Troy,56,373,1862,524,113,11,875,72,344,253,98,20,19,416,39,17,1,41,4,78,0.64,3.2,0.9,0.19,0.02,1.51,0.12,0.59,0.44,0.17,0.03,0.03,0.72,0.07,0.03,0.0,0.07,0.01,0.13,2256,0.28,0.39,0.47,0.86,0.18,0.11
Tulane,55,340,1760,444,117,8,700,41,318,275,77,24,36,385,41,19,2,69,9,65,0.55,2.83,0.71,0.19,0.01,1.13,0.07,0.51,0.44,0.12,0.04,0.06,0.62,0.07,0.03,0.0,0.11,0.01,0.1,2181,0.25,0.36,0.4,0.76,0.18,0.13
UAB,30,179,974,262,49,2,411,32,163,134,46,16,18,216,29,12,4,51,1,69,0.58,3.16,0.85,0.16,0.01,1.33,0.1,0.53,0.44,0.15,0.05,0.06,0.7,0.09,0.04,0.01,0.17,0.0,0.22,1189,0.27,0.37,0.42,0.79,0.18,0.11
UAlbany,2,7,64,12,4,1,21,1,7,4,1,0,0,18,2,0,0,0,0,6,0.33,3.05,0.57,0.19,0.05,1.0,0.05,0.33,0.19,0.05,0.0,0.0,0.86,0.1,0.0,0.0,0.0,0.0,0.29,69,0.19,0.25,0.33,0.5800000000000001,0.26,0.06
UC Davis,22,100,754,183,36,7,257,8,91,90,28,9,13,170,12,4,2,18,4,38,0.42,3.14,0.76,0.15,0.03,1.07,0.03,0.38,0.38,0.12,0.04,0.05,0.71,0.05,0.02,0.01,0.08,0.02,0.16,898,0.24,0.34,0.34,0.68,0.19,0.1
UC Irvine,47,252,1583,411,75,13,584,24,230,227,70,17,22,438,38,5,4,37,4,144,0.46,2.92,0.76,0.14,0.02,1.08,0.04,0.42,0.42,0.13,0.03,0.04,0.81,0.07,0.01,0.01,0.07,0.01,0.27,1923,0.26,0.37,0.37,0.74,0.23,0.12
UC Riverside,52,236,1717,405,81,7,602,34,215,135,60,10,14,442,28,21,10,37,0,99,0.36,2.64,0.62,0.12,0.01,0.93,0.05,0.33,0.21,0.09,0.02,0.02,0.68,0.04,0.03,0.02,0.06,0.0,0.15,1936,0.24,0.31,0.35,0.6599999999999999,0.23,0.07
UC San Diego,20,134,656,169,33,5,266,18,128,117,52,12,13,173,12,8,1,11,0,47,0.57,2.8,0.72,0.14,0.02,1.14,0.08,0.55,0.5,0.22,0.05,0.06,0.74,0.05,0.03,0.0,0.05,0.0,0.2,850,0.26,0.4,0.41,0.81,0.2,0.14
UC Santa Barbara,26,197,892,265,58,5,414,27,183,102,44,10,23,196,17,8,3,28,0,51,0.69,3.13,0.93,0.2,0.02,1.45,0.09,0.64,0.36,0.15,0.04,0.08,0.69,0.06,0.03,0.01,0.1,0.0,0.18,1071,0.3,0.38,0.46,0.8400000000000001,0.18,0.1
UCF,51,355,1766,516,83,10,769,50,318,226,47,27,31,367,31,12,3,49,10,69,0.64,3.19,0.93,0.15,0.02,1.39,0.09,0.57,0.41,0.08,0.05,0.06,0.66,0.06,0.02,0.01,0.09,0.02,0.12,2107,0.29,0.37,0.44,0.81,0.17,0.11
UCLA,16,122,526,148,27,4,240,19,113,84,38,13,6,93,13,1,2,9,3,20,0.75,3.25,0.91,0.17,0.02,1.48,0.12,0.7,0.52,0.23,0.08,0.04,0.57,0.08,0.01,0.01,0.06,0.02,0.12,670,0.28,0.4,0.46,0.8600000000000001,0.14,0.13
UConn,8,40,269,62,15,5,99,4,33,33,9,4,1,77,5,5,1,9,1,8,0.49,3.28,0.76,0.18,0.06,1.21,0.05,0.4,0.4,0.11,0.05,0.01,0.94,0.06,0.06,0.01,0.11,0.01,0.1,317,0.23,0.33,0.37,0.7,0.24,0.11
UIC,15,119,524,159,30,4,266,23,116,82,28,7,3,99,13,0,2,14,1,28,0.76,3.36,1.02,0.19,0.03,1.71,0.15,0.74,0.53,0.18,0.04,0.02,0.63,0.08,0.0,0.01,0.09,0.01,0.18,645,0.3,0.42,0.51,0.9299999999999999,0.15,0.13
UIW,7,30,239,59,6,1,88,7,29,28,6,4,4,59,6,3,0,7,1,12,0.4,3.19,0.79,0.08,0.01,1.17,0.09,0.39,0.37,0.08,0.05,0.05,0.79,0.08,0.04,0.0,0.09,0.01,0.16,282,0.25,0.33,0.37,0.7,0.21,0.1
ULM,48,365,1630,494,104,8,761,49,338,209,87,26,19,349,29,18,4,70,1,65,0.72,3.2,0.97,0.2,0.02,1.5,0.1,0.66,0.41,0.17,0.05,0.04,0.69,0.06,0.04,0.01,0.14,0.0,0.13,1972,0.3,0.4,0.47,0.87,0.18,0.11
UMBC,1,20,34,16,6,0,28,2,17,12,2,0,0,6,2,0,0,0,0,2,1.54,2.62,1.23,0.46,0.0,2.15,0.15,1.31,0.92,0.15,0.0,0.0,0.46,0.15,0.0,0.0,0.0,0.0,0.15,48,0.47,0.62,0.82,1.44,0.12,0.25
UMES,7,43,230,64,10,1,88,4,37,34,9,2,3,58,7,3,0,8,0,21,0.6,3.19,0.89,0.14,0.01,1.22,0.06,0.51,0.47,0.12,0.03,0.04,0.81,0.1,0.04,0.0,0.11,0.0,0.29,278,0.28,0.38,0.38,0.76,0.21,0.12
UMass Lowell,1,2,33,4,0,0,4,0,2,1,0,0,0,9,0,0,0,0,0,1,0.2,3.3,0.4,0.0,0.0,0.4,0.0,0.2,0.1,0.0,0.0,0.0,0.9,0.0,0.0,0.0,0.0,0.0,0.1,34,0.12,0.15,0.12,0.27,0.26,0.03
UNC Asheville,52,325,1694,461,91,7,653,29,276,251,62,17,32,311,41,33,11,77,5,98,0.62,3.23,0.88,0.17,0.01,1.25,0.06,0.53,0.48,0.12,0.03,0.06,0.59,0.08,0.06,0.02,0.15,0.01,0.19,2061,0.27,0.38,0.39,0.77,0.15,0.12
UNC Greensboro,14,77,456,128,28,5,193,9,71,47,17,8,5,136,8,5,2,8,0,38,0.55,3.23,0.91,0.2,0.04,1.37,0.06,0.5,0.33,0.12,0.06,0.04,0.96,0.06,0.04,0.01,0.06,0.0,0.27,533,0.28,0.36,0.42,0.78,0.26,0.09
UNCW,19,100,591,151,26,1,233,18,87,89,17,6,14,179,17,6,1,22,0,20,0.42,2.46,0.63,0.11,0.0,0.97,0.08,0.36,0.37,0.07,0.02,0.06,0.75,0.07,0.02,0.0,0.09,0.0,0.08,717,0.26,0.36,0.39,0.75,0.25,0.12
UNLV,52,441,1761,547,109,14,909,75,393,238,80,25,12,446,49,12,9,33,4,91,0.83,3.3,1.02,0.2,0.03,1.7,0.14,0.74,0.45,0.15,0.05,0.02,0.84,0.09,0.02,0.02,0.06,0.01,0.17,2120,0.31,0.41,0.52,0.9299999999999999,0.21,0.11
USC Upstate,16,103,546,151,35,1,236,16,94,78,24,7,4,136,14,6,0,18,0,23,0.61,3.21,0.89,0.21,0.01,1.39,0.09,0.55,0.46,0.14,0.04,0.02,0.8,0.08,0.04,0.0,0.11,0.0,0.14,659,0.28,0.38,0.43,0.81,0.21,0.12
UT Arlington,17,88,606,164,38,2,239,11,81,66,29,4,5,148,13,2,0,12,2,14,0.47,3.26,0.88,0.2,0.01,1.28,0.06,0.44,0.35,0.16,0.02,0.03,0.8,0.07,0.01,0.0,0.06,0.01,0.08,712,0.27,0.36,0.39,0.75,0.21,0.1
UT Martin,13,108,456,149,34,3,213,8,97,61,18,6,7,81,8,6,6,35,3,23,0.86,3.62,1.18,0.27,0.02,1.69,0.06,0.77,0.48,0.14,0.05,0.06,0.64,0.06,0.05,0.05,0.28,0.02,0.18,551,0.33,0.41,0.47,0.8799999999999999,0.15,0.12
UTRGV,18,103,603,162,26,4,247,17,93,76,21,8,7,165,21,10,5,22,2,26,0.51,2.97,0.8,0.13,0.02,1.22,0.08,0.46,0.37,0.1,0.04,0.03,0.81,0.1,0.05,0.02,0.11,0.01,0.13,717,0.27,0.36,0.41,0.77,0.23,0.11
UTSA,14,115,463,131,30,2,198,11,102,85,25,14,10,103,7,6,1,15,1,31,0.79,3.19,0.9,0.21,0.01,1.37,0.08,0.7,0.59,0.17,0.1,0.07,0.71,0.05,0.04,0.01,0.1,0.01,0.21,598,0.28,0.4,0.43,0.8300000000000001,0.17,0.14
Utah,50,364,1730,533,100,10,842,63,341,204,75,20,30,371,34,17,8,46,4,72,0.7,3.31,1.02,0.19,0.02,1.61,0.12,0.65,0.39,0.14,0.04,0.06,0.71,0.07,0.03,0.02,0.09,0.01,0.14,2063,0.31,0.39,0.49,0.88,0.18,0.1
Utah Tech,19,159,659,206,39,1,286,13,134,112,29,8,12,135,8,6,3,35,4,40,0.69,2.88,0.9,0.17,0.0,1.25,0.06,0.59,0.49,0.13,0.03,0.05,0.59,0.03,0.03,0.01,0.15,0.02,0.17,824,0.31,0.42,0.43,0.85,0.16,0.14
Utah Valley,29,180,957,255,58,7,450,41,164,146,48,15,4,246,20,19,9,54,7,59,0.58,3.08,0.82,0.19,0.02,1.45,0.13,0.53,0.47,0.15,0.05,0.01,0.79,0.06,0.06,0.03,0.17,0.02,0.19,1177,0.27,0.38,0.47,0.85,0.21,0.13
VCU,12,84,422,112,18,2,191,19,76,48,19,3,8,104,4,6,1,13,1,16,0.7,3.52,0.93,0.15,0.02,1.59,0.16,0.63,0.4,0.16,0.02,0.07,0.87,0.03,0.05,0.01,0.11,0.01,0.13,501,0.27,0.36,0.45,0.81,0.21,0.1
VMI,11,50,346,86,15,3,134,9,45,33,16,2,0,98,6,7,1,18,1,27,0.47,3.26,0.81,0.14,0.03,1.26,0.08,0.42,0.31,0.15,0.02,0.0,0.92,0.06,0.07,0.01,0.17,0.01,0.25,398,0.25,0.34,0.39,0.73,0.25,0.09
Valparaiso,47,243,1563,401,91,10,617,35,225,181,38,8,19,376,33,14,5,31,4,106,0.53,3.41,0.88,0.2,0.02,1.35,0.08,0.49,0.4,0.08,0.02,0.04,0.82,0.07,0.03,0.01,0.07,0.01,0.23,1813,0.26,0.34,0.39,0.73,0.21,0.1
Vanderbilt,21,178,718,210,44,2,369,37,167,118,27,13,7,210,7,7,2,25,2,59,0.75,3.03,0.89,0.19,0.01,1.56,0.16,0.7,0.5,0.11,0.05,0.03,0.89,0.03,0.03,0.01,0.11,0.01,0.25,885,0.29,0.4,0.51,0.91,0.24,0.14
Villanova,10,59,332,83,17,1,123,7,54,48,6,10,4,81,4,0,1,20,2,21,0.54,3.05,0.76,0.16,0.01,1.13,0.06,0.5,0.44,0.06,0.09,0.04,0.74,0.04,0.0,0.01,0.18,0.02,0.19,402,0.25,0.34,0.37,0.71,0.2,0.12
Virginia,53,413,1761,480,85,8,848,89,376,298,71,17,11,450,40,12,2,49,9,64,0.73,3.13,0.85,0.15,0.01,1.51,0.16,0.67,0.53,0.13,0.03,0.02,0.8,0.07,0.02,0.0,0.09,0.02,0.11,2167,0.27,0.39,0.48,0.87,0.21,0.14
Virginia Tech,12,79,390,105,21,2,196,22,76,57,14,5,5,123,10,7,1,6,1,17,0.59,2.89,0.78,0.16,0.01,1.45,0.16,0.56,0.42,0.1,0.04,0.04,0.91,0.07,0.05,0.01,0.04,0.01,0.13,472,0.27,0.37,0.5,0.87,0.26,0.12
Wagner,10,70,345,95,19,0,129,5,64,67,14,9,3,93,13,1,0,13,1,16,0.5,2.45,0.67,0.13,0.0,0.91,0.04,0.45,0.48,0.1,0.06,0.02,0.66,0.09,0.01,0.0,0.09,0.01,0.11,439,0.28,0.4,0.37,0.77,0.21,0.15
Wake Forest,12,97,392,114,25,2,188,15,88,75,24,7,2,86,10,3,1,19,0,7,0.76,3.09,0.9,0.2,0.02,1.48,0.12,0.69,0.59,0.19,0.06,0.02,0.68,0.08,0.02,0.01,0.15,0.0,0.06,500,0.29,0.43,0.48,0.9099999999999999,0.17,0.15
Washburn,1,11,38,11,2,1,18,1,8,3,2,2,0,9,0,0,0,4,0,1,0.85,2.92,0.85,0.15,0.08,1.38,0.08,0.62,0.23,0.15,0.15,0.0,0.69,0.0,0.0,0.0,0.31,0.0,0.08,45,0.29,0.36,0.47,0.83,0.2,0.07
Washington,28,157,945,250,39,11,401,30,143,133,24,10,8,230,22,9,3,28,3,64,0.54,3.23,0.85,0.13,0.04,1.37,0.1,0.49,0.45,0.08,0.03,0.03,0.78,0.08,0.03,0.01,0.1,0.01,0.22,1123,0.26,0.36,0.42,0.78,0.2,0.12
Washington St.,28,187,939,272,57,10,409,20,170,108,59,12,16,216,28,11,3,34,1,43,0.59,2.97,0.86,0.18,0.03,1.29,0.06,0.54,0.34,0.19,0.04,0.05,0.68,0.09,0.03,0.01,0.11,0.0,0.14,1135,0.29,0.39,0.44,0.8300000000000001,0.19,0.1
West Chester,1,14,39,13,2,0,24,3,13,6,5,0,0,10,2,0,0,3,1,4,1.17,3.25,1.08,0.17,0.0,2.0,0.25,1.08,0.5,0.42,0.0,0.0,0.83,0.17,0.0,0.0,0.25,0.08,0.33,51,0.33,0.47,0.62,1.0899999999999999,0.2,0.14
West Ga.,25,125,822,208,43,1,328,25,119,79,25,10,15,244,16,6,4,21,1,39,0.44,2.86,0.72,0.15,0.0,1.14,0.09,0.41,0.28,0.09,0.03,0.05,0.85,0.06,0.02,0.01,0.07,0.0,0.14,952,0.25,0.33,0.4,0.73,0.26,0.08
West Virginia,13,102,443,130,26,5,208,14,86,65,18,10,6,94,10,6,0,26,1,15,0.69,3.01,0.88,0.18,0.03,1.41,0.1,0.59,0.44,0.12,0.07,0.04,0.64,0.07,0.04,0.0,0.18,0.01,0.1,543,0.29,0.39,0.47,0.86,0.17,0.12
Westcliff,1,6,39,13,0,0,13,0,6,3,1,0,1,4,3,0,1,0,0,1,0.4,2.6,0.87,0.0,0.0,0.87,0.0,0.4,0.2,0.07,0.0,0.07,0.27,0.2,0.0,0.07,0.0,0.0,0.07,44,0.33,0.39,0.33,0.72,0.09,0.07
Western Caro.,13,77,427,108,22,2,176,14,67,44,26,7,4,105,4,5,1,6,0,25,0.57,3.19,0.81,0.16,0.01,1.31,0.1,0.5,0.33,0.19,0.05,0.03,0.78,0.03,0.04,0.01,0.04,0.0,0.19,508,0.25,0.35,0.41,0.76,0.21,0.09
Western Ill.,24,153,827,215,37,2,325,23,144,121,33,15,10,218,20,7,2,20,1,40,0.62,3.35,0.87,0.15,0.01,1.32,0.09,0.58,0.49,0.13,0.06,0.04,0.88,0.08,0.03,0.01,0.08,0.0,0.16,1007,0.26,0.37,0.39,0.76,0.22,0.12
Western Ky.,23,137,788,217,46,6,332,19,126,101,25,6,13,187,21,2,4,33,2,45,0.52,3.02,0.83,0.18,0.02,1.27,0.07,0.48,0.39,0.1,0.02,0.05,0.72,0.08,0.01,0.02,0.13,0.01,0.17,935,0.28,0.37,0.42,0.79,0.2,0.11
Western Mich.,24,139,804,218,31,2,313,20,123,77,49,5,13,168,19,10,3,34,2,43,0.51,2.98,0.81,0.11,0.01,1.16,0.07,0.46,0.29,0.18,0.02,0.05,0.62,0.07,0.04,0.01,0.13,0.01,0.16,950,0.27,0.36,0.39,0.75,0.18,0.08
Wichita St.,55,395,1833,533,94,6,813,58,362,232,73,23,41,386,34,10,2,43,3,63,0.61,2.84,0.83,0.15,0.01,1.26,0.09,0.56,0.36,0.11,0.04,0.06,0.6,0.05,0.02,0.0,0.07,0.0,0.1,2205,0.29,0.38,0.44,0.8200000000000001,0.18,0.11
William & Mary,1,7,34,6,1,0,10,1,7,7,1,0,0,12,0,0,0,3,0,0,0.7,3.4,0.6,0.1,0.0,1.0,0.1,0.7,0.7,0.1,0.0,0.0,1.2,0.0,0.0,0.0,0.3,0.0,0.0,42,0.18,0.33,0.29,0.62,0.29,0.17
Winthrop,13,51,426,98,19,2,133,4,47,51,16,8,5,101,12,3,1,16,2,26,0.35,2.92,0.67,0.13,0.01,0.91,0.03,0.32,0.35,0.11,0.05,0.03,0.69,0.08,0.02,0.01,0.11,0.01,0.18,508,0.23,0.32,0.31,0.63,0.2,0.1
Wofford,53,418,1676,496,105,21,799,52,380,273,120,29,39,339,36,26,9,122,1,113,0.66,2.66,0.79,0.17,0.03,1.27,0.08,0.6,0.43,0.19,0.05,0.06,0.54,0.06,0.04,0.01,0.19,0.0,0.18,2138,0.3,0.42,0.48,0.8999999999999999,0.16,0.13
Wright St.,13,75,445,119,24,7,199,14,69,56,10,4,1,107,6,7,2,20,0,21,0.59,3.48,0.93,0.19,0.05,1.55,0.11,0.54,0.44,0.08,0.03,0.01,0.84,0.05,0.05,0.02,0.16,0.0,0.16,516,0.27,0.36,0.45,0.81,0.21,0.11
Xavier,16,78,556,147,16,2,224,19,67,45,23,3,5,141,7,2,2,9,0,15,0.44,3.16,0.84,0.09,0.01,1.27,0.11,0.38,0.26,0.13,0.02,0.03,0.8,0.04,0.01,0.01,0.05,0.0,0.09,632,0.26,0.34,0.4,0.74,0.22,0.07
Yale,7,52,224,64,12,1,84,2,45,34,17,4,4,36,5,5,1,26,0,3,0.74,3.2,0.91,0.17,0.01,1.2,0.03,0.64,0.49,0.24,0.06,0.06,0.51,0.07,0.07,0.01,0.37,0.0,0.04,283,0.29,0.41,0.38,0.79,0.13,0.12
Youngstown St.,20,65,606,119,25,2,184,12,57,76,26,4,1,194,13,8,4,18,0,49,0.3,2.79,0.55,0.12,0.01,0.85,0.06,0.26,0.35,0.12,0.02,0.0,0.89,0.06,0.04,0.02,0.08,0.0,0.23,713,0.2,0.31,0.3,0.61,0.27,0.11
